-- MySQL dump 10.13  Distrib 8.0.19, for Win64 (x86_64)
--
-- Host: localhost    Database: db_hk
-- ------------------------------------------------------
-- Server version	5.5.5-10.4.28-MariaDB

/*!40101 SET @OLD_CHARACTER_SET_CLIENT=@@CHARACTER_SET_CLIENT */;
/*!40101 SET @OLD_CHARACTER_SET_RESULTS=@@CHARACTER_SET_RESULTS */;
/*!40101 SET @OLD_COLLATION_CONNECTION=@@COLLATION_CONNECTION */;
/*!50503 SET NAMES utf8mb4 */;
/*!40103 SET @OLD_TIME_ZONE=@@TIME_ZONE */;
/*!40103 SET TIME_ZONE='+00:00' */;
/*!40014 SET @OLD_UNIQUE_CHECKS=@@UNIQUE_CHECKS, UNIQUE_CHECKS=0 */;
/*!40014 SET @OLD_FOREIGN_KEY_CHECKS=@@FOREIGN_KEY_CHECKS, FOREIGN_KEY_CHECKS=0 */;
/*!40101 SET @OLD_SQL_MODE=@@SQL_MODE, SQL_MODE='NO_AUTO_VALUE_ON_ZERO' */;
/*!40111 SET @OLD_SQL_NOTES=@@SQL_NOTES, SQL_NOTES=0 */;

--
-- Table structure for table `tbl_master_bagian`
--

DROP TABLE IF EXISTS `tbl_master_bagian`;
/*!40101 SET @saved_cs_client     = @@character_set_client */;
/*!50503 SET character_set_client = utf8mb4 */;
CREATE TABLE `tbl_master_bagian` (
  `id` int(11) NOT NULL,
  `nama_bagian` varchar(255) DEFAULT NULL,
  `devisi_id` int(11) DEFAULT NULL
) ENGINE=InnoDB DEFAULT CHARSET=utf8 COLLATE=utf8_unicode_ci ROW_FORMAT=DYNAMIC;
/*!40101 SET character_set_client = @saved_cs_client */;

--
-- Dumping data for table `tbl_master_bagian`
--

LOCK TABLES `tbl_master_bagian` WRITE;
/*!40000 ALTER TABLE `tbl_master_bagian` DISABLE KEYS */;
INSERT INTO `tbl_master_bagian` VALUES (1,'GA - GA',4),(2,'GA - VEHICLE',4),(3,'HRM - PAYROLL',4),(4,'GA - HK',4),(5,'HSE - ENVIRONMENT',4),(6,'HRM - RECRUITMENT',4),(7,'GA',4),(8,'HRM - PEOPLE DEVELOPMENT',4),(9,'HRM',4),(10,'HSE - HEALTH AND SAFETY',4),(11,'HSE',4),(12,'HRM - IR',4),(13,'IT',1),(14,'IT - HARDWARE / NETWORKING',1),(15,'IT- IT DOCUMENTATION & WAREHOUSE',1),(16,'IT - SOFTWARE',1),(17,'MARKETING - EXPORT',9),(18,'MARKETING - LOCAL',9),(19,'MARKETING - EXPORT - COMMODITY PRODUCT',9),(20,'MARKETING - EXPORT - JAPAN PRODUCT',9),(21,'WAREHOUSE',5),(22,'PPIC',5),(23,'ENGINEERING - WELDING & STEEL CONSTRUCTION',5),(24,'ENGINEERING - ELECTRICAL',5),(25,'ENGINEERING - MECHANICAL',5),(26,'CIVIL ENGINEERING',5),(27,'ENGINEERING - REFRIGATION SYSTEM',5),(28,'COLD STORAGE',5),(29,'ENGINEERING - WTP AND BOILER',5),(30,'ENGINEERING',5),(31,'PPIC - FINISH PRODUCT DOCUMENTATION',5),(32,'PPIC - JAPAN PRODUCT',5),(33,'PPIC - IC PACKAGING & INGREDIENTS FOR CMMDTY PRDCT',5),(34,'PPIC - INVENTORY CONTROL OF FINISH PRODUCT',5),(35,'WAREHOUSE - WAREHOUSE A/B/C',5),(36,'PPIC - RAW COMMODITY PRODUCT',5),(37,'PPIC - COOKED COMMODITY PRODUCT',5),(38,'PPIC - CUSTOM PROCESS PRODUCT',5),(39,'PPIC - IC PACKAGING & INGREDIENTS FOR JAPAN PRDCT',5),(40,'SHRIMP LOW RISK - DEHEADING (A)',2),(41,'SHRIMP HIGH RISK - CIS (A)',2),(42,'SHRIMP LOW RISK - RECEIVING (A)',2),(43,'SHRIMP LOW RISK - RECEIVING (B)',2),(44,'SHRIMP HIGH RISK',2),(45,'CUSTOM PROCESS - RM PREP & PEELING SHRIMP CSTM (B)',2),(46,'SHRIMP LOW RISK - BELLY & STRETCHING',2),(47,'SHRIMP LOW RISK - SOAKING (A) LINE 1',2),(48,'CUSTOM PROCESS - SHRIMP CUSTOM LAYERING (A)',2),(49,'SHRIMP HIGH RISK - CIS (B)',2),(50,'SHRIMP LOW RISK - RAW PEEL (A) LINE 2',2),(51,'CUSTOM PROCESS - CRAB BARASHI',2),(52,'SHRIMP LOW RISK - RAW PEEL (A) LINE 1',2),(53,'SHRIMP LOW RISK - RAW PEEL (B) LINE 2',2),(54,'CUSTOM PROCESS - DARKROOM / MEAT & HIRARKI PRODUCT',2),(55,'SHRIMP LOW RISK - GRADING (B)',2),(56,'SHRIMP LOW RISK - GRADING (A)',2),(57,'SHRIMP LOW RISK - SIZING (B)',2),(58,'CUSTOM PROCESS - CRAB FINISH PRODUCT (A)',2),(59,'SANITATION & ADMINISTRATION - PRODUCTION ADM',2),(60,'SHRIMP LOW RISK',2),(61,'SHRIMP HIGH RISK - COOKED FREEZING (B)',2),(62,'SHRIMP HIGH RISK - COOKED FREEZING (A)',2),(63,'SHRIMP LOW RISK - SIZING (A)',2),(64,'SHRIMP LOW RISK - RAW PEEL (B) LINE 1',2),(65,'SHRIMP LOW RISK - SOAKING (B) LINE 1',2),(66,'SHRIMP LOW RISK - NE PACKING (A)',2),(67,'SHRIMP LOW RISK - PEELING NE',2),(68,'SANITATION & ADMINISTRATION - SANITATION',2),(69,'CUSTOM PROCESS',2),(70,'SHRIMP HIGH RISK - BOIL (A)',2),(71,'SHRIMP LOW RISK -  TIMBANG PDP',2),(72,'CUSTOM PROCESS - SHRIMP CSTM FREEZING & PCKNG (A)',2),(73,'SHRIMP HIGH RISK - COOKED PACKING (A)',2),(74,'SHRIMP HIGH RISK - SHRIMP RING',2),(75,'SHRIMP LOW RISK - SOAKING NE',2),(76,'SHRIMP LOW RISK - RAW FREEZING COMMODITY PRODUCT',2),(77,'SHRIMP LOW RISK - RAW FREEZING JAPAN PRODUCT',2),(78,'SHRIMP LOW RISK - DEHEADING (B)',2),(79,'CUSTOM PROCESS - CRAB PEELING',2),(80,'SANITATION & ADMINISTRATION - REPAIR',2),(81,'SHRIMP HIGH RISK - BOIL (B)',2),(82,'SHRIMP LOW RISK - SOAKING (A) LINE 2',2),(83,'CUSTOM PROCESS - SHRIMP CUSTOM LAYERING (B)',2),(84,'CUSTOM PROCESS - RM PREP & PEELING SHRIMP CSTM (A)',2),(85,'LABORATORY',3),(86,'QA',3),(87,'QC - QC FP RAW COMMODITY PRODUCT (A)',3),(88,'LABORATORY - PREPARATION SMPLE, MEDIA & EQUIPMENT',3),(89,'RND - PRODUCT SAMPLE FOR CUSTOMER',3),(90,'QC - QC CS & INSPECTION',3),(91,'QC',3),(92,'QA - PRODUCT SPEC',3),(93,'QC - QC COOKED COMMODITY PRODUCT',3),(94,'QC - QC CRAB PRODUCT',3),(95,'RND',3),(96,'QC - QC FP COOKED CMMDTY PRDCT & CSTM PROCESS (A)',3),(97,'RND - DEVELOPMENT FORMULA',3),(98,'QC - QC NOBASHI EBI',3),(99,'QA - PACKAGING SPEC',3),(100,'QC - QC RECEIVING-RAW PEEL (A)',3),(101,'QA - QA QC WAREHOUSE',3),(102,'LABORATORY - ANALYST MICROBIOLOGY',3),(103,'QC - QC RECEIVING-RAW PEEL (B)',3),(104,'QC - QC CUSTOM PROCESS PRODUCT (A)',3),(105,'LABORATORY - CHEMICAL ANALYST & ANTIBIOTIC',3),(106,'QC - QC SOAKING (A)',3),(107,'QC - QC FP COOKED CMMDTY PRDCT & CSTM PROCESS (B)',3),(108,'QC -  CUSTOM PROCESS PRODUCT (B)',3),(109,'QC - QC FP RAW COMMODITY PRODUCT (B)',3),(110,'QC - QC SOAKING (B)',3),(111,'QA - QA DOCUMENTATION & CUSTOMER COMPLAIN',3),(112,'QUALITY MANAGEMENT SYSTEM',10),(113,'QUALITY MANAGEMENT SYSTEM - QMS CORE',10),(114,'SECRETARIAL - SECRETARY BOE',10),(115,'LEGAL - LEGAL ADMINISTRATION',10),(116,'LEGAL - LEGAL',10),(117,'QUALITY MANAGEMENT SYSTEM - QMS NON CORE',10);
/*!40000 ALTER TABLE `tbl_master_bagian` ENABLE KEYS */;
UNLOCK TABLES;

--
-- Table structure for table `tbl_master_category`
--

DROP TABLE IF EXISTS `tbl_master_category`;
/*!40101 SET @saved_cs_client     = @@character_set_client */;
/*!50503 SET character_set_client = utf8mb4 */;
CREATE TABLE `tbl_master_category` (
  `id` int(11) NOT NULL,
  `nama_kategori` varchar(255) DEFAULT NULL,
  `company_id` int(11) DEFAULT NULL
) ENGINE=InnoDB DEFAULT CHARSET=utf8 COLLATE=utf8_unicode_ci ROW_FORMAT=DYNAMIC;
/*!40101 SET character_set_client = @saved_cs_client */;

--
-- Dumping data for table `tbl_master_category`
--

LOCK TABLES `tbl_master_category` WRITE;
/*!40000 ALTER TABLE `tbl_master_category` DISABLE KEYS */;
INSERT INTO `tbl_master_category` VALUES (1,'APD',1),(2,'APD',2);
/*!40000 ALTER TABLE `tbl_master_category` ENABLE KEYS */;
UNLOCK TABLES;

--
-- Table structure for table `tbl_master_company`
--

DROP TABLE IF EXISTS `tbl_master_company`;
/*!40101 SET @saved_cs_client     = @@character_set_client */;
/*!50503 SET character_set_client = utf8mb4 */;
CREATE TABLE `tbl_master_company` (
  `id` int(11) NOT NULL,
  `name` varchar(255) DEFAULT NULL,
  `aliases` varchar(255) DEFAULT NULL
) ENGINE=InnoDB DEFAULT CHARSET=utf8 COLLATE=utf8_unicode_ci ROW_FORMAT=DYNAMIC;
/*!40101 SET character_set_client = @saved_cs_client */;

--
-- Dumping data for table `tbl_master_company`
--

LOCK TABLES `tbl_master_company` WRITE;
/*!40000 ALTER TABLE `tbl_master_company` DISABLE KEYS */;
INSERT INTO `tbl_master_company` VALUES (1,'PT. Mega Marine Pride','MMP'),(2,'PT. Baramuda Bahari','BB');
/*!40000 ALTER TABLE `tbl_master_company` ENABLE KEYS */;
UNLOCK TABLES;

--
-- Table structure for table `tbl_master_devisi`
--

DROP TABLE IF EXISTS `tbl_master_devisi`;
/*!40101 SET @saved_cs_client     = @@character_set_client */;
/*!50503 SET character_set_client = utf8mb4 */;
CREATE TABLE `tbl_master_devisi` (
  `id` int(11) NOT NULL,
  `devisi_name` varchar(255) DEFAULT NULL
) ENGINE=InnoDB DEFAULT CHARSET=utf8 COLLATE=utf8_unicode_ci ROW_FORMAT=DYNAMIC;
/*!40101 SET character_set_client = @saved_cs_client */;

--
-- Dumping data for table `tbl_master_devisi`
--

LOCK TABLES `tbl_master_devisi` WRITE;
/*!40000 ALTER TABLE `tbl_master_devisi` DISABLE KEYS */;
INSERT INTO `tbl_master_devisi` VALUES (1,'IT'),(2,'PRODUCTION'),(3,'QUALITY'),(4,'HRM/GA-HSE'),(5,'OPERATIONAL'),(6,'FA-CUSTOMS'),(7,'PURCHASING'),(8,'EXIM'),(9,'MARKETING'),(10,'CORPORATE');
/*!40000 ALTER TABLE `tbl_master_devisi` ENABLE KEYS */;
UNLOCK TABLES;

--
-- Table structure for table `tbl_master_item`
--

DROP TABLE IF EXISTS `tbl_master_item`;
/*!40101 SET @saved_cs_client     = @@character_set_client */;
/*!50503 SET character_set_client = utf8mb4 */;
CREATE TABLE `tbl_master_item` (
  `id` int(11) NOT NULL,
  `item_name` varchar(255) DEFAULT NULL,
  `deskripsi` text DEFAULT NULL,
  `categ_id` int(11) DEFAULT NULL
) ENGINE=InnoDB DEFAULT CHARSET=utf8 COLLATE=utf8_unicode_ci ROW_FORMAT=DYNAMIC;
/*!40101 SET character_set_client = @saved_cs_client */;

--
-- Dumping data for table `tbl_master_item`
--

LOCK TABLES `tbl_master_item` WRITE;
/*!40000 ALTER TABLE `tbl_master_item` DISABLE KEYS */;
INSERT INTO `tbl_master_item` VALUES (1,'APD','Jilbab, Ciput, Topi (MMP)',1);
/*!40000 ALTER TABLE `tbl_master_item` ENABLE KEYS */;
UNLOCK TABLES;

--
-- Table structure for table `tbl_master_karyawan`
--

DROP TABLE IF EXISTS `tbl_master_karyawan`;
/*!40101 SET @saved_cs_client     = @@character_set_client */;
/*!50503 SET character_set_client = utf8mb4 */;
CREATE TABLE `tbl_master_karyawan` (
  `id` int(11) NOT NULL AUTO_INCREMENT,
  `no_badge` bigint(20) DEFAULT NULL,
  `name` varchar(255) DEFAULT NULL,
  `rfid_no` varchar(100) DEFAULT NULL,
  `bagian_id` int(11) DEFAULT NULL,
  `status` int(11) NOT NULL DEFAULT 1,
  PRIMARY KEY (`id`)
) ENGINE=InnoDB AUTO_INCREMENT=5290 DEFAULT CHARSET=utf8 COLLATE=utf8_unicode_ci ROW_FORMAT=DYNAMIC;
/*!40101 SET character_set_client = @saved_cs_client */;

--
-- Dumping data for table `tbl_master_karyawan`
--

LOCK TABLES `tbl_master_karyawan` WRITE;
/*!40000 ALTER TABLE `tbl_master_karyawan` DISABLE KEYS */;
INSERT INTO `tbl_master_karyawan` VALUES (2,20039,'Hartatik','0011379673',51,1),(377,383753,'Kasiati','0007656389',4,1),(378,380994,'M. Cahyono','0008202796',4,1),(379,384216,'Nur Avivah','0007816068',4,1),(380,386601,'Paini','0009259966',4,1),(381,381539,'Moh. Dhofir','0008222054',4,1),(382,383836,'Ririn Nur Khasanah','0007796715',4,1),(383,388804,'Abdul Kohar','0008219106',4,1),(384,389174,'Ahmad Hariyanto','0012027923',4,1),(385,402916,'Nurul Mudayati','0007817906',4,1),(386,394906,'Namin Tantono','0008200636',4,1),(387,423311,'Rizki Ilham Akbar','0006970625',4,1),(388,423309,'ADI Bing Slamet','0008251421',4,1),(389,423528,'Muhammad Syafi\'il Arif','0008285972',4,1),(390,433762,'TEGUH ADITYAA','0002248200',4,1),(391,433763,'rio febrian','0002248171',4,1),(392,379925,'Siti Suroya','0016271671',4,1),(393,379921,'Jumakyah','0007652201',4,1),(395,379937,'M Afandi','0007791108',4,1),(396,379451,'M Wahyudi','0000121648',4,1),(402,423406,'SRIWATI','0002260119',51,1),(405,422240,'ACHMADHIDAYAT','0007609504',51,1),(407,387167,'IDA FITRIA','0005485178',51,1),(409,430007,'CAESAR F','0008618233',51,1),(410,389180,'MOCH MUKAFI','0008598400',51,1),(417,378647,'Chotijah','0007157184',51,1),(418,378725,'Ahmad Nasrulloh','0008396164',51,1),(419,378884,'Khusnul Barokah','0000125999',51,1),(420,378894,'Rendi Setiawan','0011774091',51,1),(422,14038,'Chamsin','0008678846',51,1),(423,17030,'Wasiah','0008368453',51,1),(424,17031,'Mafulah','0008368704',51,1),(425,17047,'Suliswati','0008396171',51,1),(427,371404,'Usnidah','0011281065',51,1),(428,373055,'Dasemi','0005470467',51,1),(429,373571,'Leni Anita','0000745396',51,1),(430,374058,'Misroil','0008567465',51,1),(432,376683,'Evendi','0005692495',51,1),(433,377146,'Agus Susatriyo','0011837511',51,1),(434,378095,'Moh Syamsul Huda','0008067323',51,1),(435,378564,'CHAMIDAH','0011785055',51,1),(436,380615,'Ratih Puspita Sari','0005475336',51,1),(437,381715,'Nuryanti','0005726531',51,1),(438,381752,'Nuriati','0000762710',51,1),(439,382243,'Dewa Nurwati','0007153095',51,1),(440,383288,'Rasmi','0005470518',51,1),(441,384197,'Nor Saida','0005186211',51,1),(442,384210,'Moch Fadil','0005475505',51,1),(443,385793,'Ibrahim','0005066132',51,1),(444,385830,'Hindra Nur R','0005463632',51,1),(445,385889,'Sumaidah','0011294128',51,1),(446,386750,'Nurul Huda','0005039825',51,1),(447,387099,'Siti Mufidah','0000780098',51,1),(449,387253,'Aswatun','0008626857',51,1),(450,387260,'A. Bakhrul','0008694080',51,1),(451,387352,'Urifah','0012821233',51,1),(452,388033,'Muhammad Roni','0005029099',51,1),(453,388085,'Jumilah','0008067343',51,1),(454,388412,'Warliyah','0005024362',51,1),(455,388612,'Sutarmi','0012816560',51,1),(456,388686,'Wahyudi Muliono','0008599258',51,1),(458,389305,'Salim','0008618030',51,1),(459,389543,'Julaichah','0005691714',51,1),(460,391913,'JUHANDI','0005042166',51,1),(461,391967,'Sulik','0008771842',51,1),(462,392586,'Nuriati','0007346021',51,1),(464,394030,'M. Imron Rosyadi','0005484485',51,1),(465,395165,'Juliatin','0005151134',51,1),(466,395563,'Jully Setiawati','0005033832',51,1),(467,396982,'Ainul Yakin','0007941709',51,1),(468,397025,'Mujib Riduwan','0008694075',51,1),(469,399033,'Muhammad Maqi','0008618061',51,1),(470,399376,'Abdul Rofiq','0008299818',51,1),(471,399482,'Muhammad Sholehuddin','0008127699',51,1),(474,400784,'Yuliana Murniasih','0005037551',51,1),(475,400882,'Septian Andik','0002289736',51,1),(476,401375,'Ulfa Sanatin','0006447433',51,1),(477,401400,'Enik Nuriyati','0008570012',51,1),(478,402842,'Yulianawati','0005020428',51,1),(479,406349,'Heny Sunarsih','0000823059',51,1),(480,407366,'Romaningsih','0000768618',51,1),(481,410103,'Rukhiyanti','0002283175',51,1),(482,410655,'Mochammad Rochim J','0011785949',51,1),(483,412051,'Wiwit Fitriani','0002229213',51,1),(484,413728,'Rochimah','0002316717',51,1),(485,414308,'M. Nadif','0002284620',51,1),(486,417565,'Ramaditya Iman N','0011602967',51,1),(487,417629,'Mahmuda','0002294133',51,1),(488,417630,'Linda Rohmawati','0011263227',51,1),(489,419874,'Liswanto','0002318859',51,1),(490,420902,'Khoirul Anam','0002254875',51,1),(491,421870,'Siti Aminah','0002230802',51,1),(493,422843,'Miftachul Jannah','0006373666',51,1),(495,423437,'Ika Safitri','0008709474',51,1),(496,423445,'Sulistiyono','0008309978',51,1),(498,423511,'M Soleh','0008927607',51,1),(499,423515,'Panjang Usianto','0003158800',51,1),(502,423629,'Lilik Azizah','0002284899',51,1),(503,423672,'Hariati','0002235500',51,1),(504,423723,'Hamdan Yuwafi','0002258996',51,1),(505,423728,'Sampir Rohani','0011081964',51,1),(506,424171,'Muhammad Hasan','0008727318',51,1),(507,424175,'Mokhammad Iffenu','0007404590',51,1),(508,424176,'Kholil','0005409666',51,1),(509,424401,'Muchamad Rifqi','0006437262',51,1),(510,424902,'Nur Hidayah','0008620745',51,1),(511,425389,'Ana Mahda Jamila','0007560639',51,1),(512,425539,'Wahyu Cahyadi','0011058528',51,1),(513,425541,'Lismalasari','0005030217',51,1),(514,425543,'Adhitya Rizqi Putra Pratama','0008708119',51,1),(515,428647,'Sinta Ali Margareta','0008620580',51,1),(516,429291,'Abd Wahab','0008196401',51,1),(517,429304,'Siti Nis Umroh','0011859028',51,1),(518,429310,'Mohammad Reza Fahlefie','0002894853',51,1),(519,429359,'Agus Afif','0008682418',51,1),(520,429539,'Muhammad Suroso','0008950477',51,1),(521,429823,'Ummul Bariroh','0008062315',51,1),(522,429855,'Luki Iskandar','0008298350',51,1),(524,429861,'Muslim','0002305182',51,1),(525,429870,'ENY ARIYANTI','0002291823',51,1),(526,429902,'M Mansur','0007046188',51,1),(528,429956,'Rudiono','0008340584',51,1),(529,429961,'Dewi Faridatul Adha','0008682483',51,1),(530,429997,'Muhammad Fikki Syafichul Umam','0008110943',51,1),(531,430065,'Muhammad Taufikq Rohman','0008647484',51,1),(532,430142,'Selvi Harianti','0000171546',51,1),(533,430266,'Nuriyatus Sholehah','0001828892',51,1),(534,430305,'Yani Nurhayani','0008771859',51,1),(535,430334,'Nailul Hikmah','0001215604',51,1),(536,430339,'Nurul Fauziyah','0005031593',51,1),(537,430343,'Fanny Ismilati Fadevi','0008377364',51,1),(538,430344,'Hesti Ratnasari','0000829926',51,1),(539,430372,'Hairil Anwar','0001811018',51,1),(540,430411,'Haris Prasetyo Utomo','0000389042',51,1),(541,430413,'Hadiri','0001370880',51,1),(542,430414,'Riyan Dwi Jaya','0001377469',51,1),(544,430683,'Muhammad Thoha','0000124575',51,1),(545,430686,'Achmad Choirul Anam','0000119011',51,1),(546,430696,'Achmad Achsanul Choliqin','0002319217',51,1),(547,430723,'Istiqomatul Badriyah','0009349824',51,1),(548,430729,'Alan Ramadhan Pramudana','0008262399',51,1),(549,430731,'Ainul Mujib','0008256872',51,1),(550,430764,'M Miftahudin','0005048785',51,1),(551,430767,'Akhmad Musa Julfan Riski','0005409756',51,1),(552,430781,'Abi Zakaria','0002992868',51,1),(553,430782,'Masrul','0008018246',51,1),(554,430844,'Muhammad Nur Mudaal Rezqi','0002259942',51,1),(555,430917,'Cici Karisma','0008299887',51,1),(556,430958,'Sofyan','0007488398',51,1),(557,430965,'Elinda Putri Ayu Pratama','0012853967',51,1),(558,431061,'Ila Nur Isnaini','0008147609',51,1),(559,431089,'Eny Alfiani','0012828577',51,1),(560,431119,'Musyarofah','0012001971',51,1),(561,431170,'Dinda Desi Ulandari','0002271438',51,1),(562,431181,'M Nurul Yaqin','0011873892',51,1),(563,431183,'Muhammad Ali Mahrus','0002300570',51,1),(564,431189,'Mohamad Fatoni Baihaqi','0011866814',51,1),(565,431231,'Tonny','0005505316',51,1),(566,431239,'Irsyadur Rofiq','0002318309',51,1),(567,431264,'Muhammad Fikri Krisna Bayu','0011997142',51,1),(568,431341,'Erlinda Setyo Agustin','0012055280',51,1),(569,437163,'Jeni Nina Selvia','0002268739',51,1),(570,431386,'Najmah Zahiroh','0012050007',51,1),(571,431388,'Rudy Hartono','0012391911',51,1),(572,431419,'Hardianto','0012012506',51,1),(573,431420,'Anissa Shelia Shinta Dewi','0007255339',51,1),(574,431463,'Nur Hidayat','0008699739',51,1),(575,431464,'Dwi Kusumaningtias','0005057193',51,1),(576,431465,'Fitria Novitasari','0007362104',51,1),(577,431467,'Moh Rizal','0008136162',51,1),(578,431505,'Muhammad Husen','0011887094',51,1),(579,431506,'Indra Maulana Putra','0000802378',51,1),(580,431640,'Fitriya','0009899886',51,1),(581,431718,'Dani Krisdiyanto','0012005558',51,1),(582,431724,'Muhammad Maftuh','0011990337',51,1),(583,431727,'Darul Anam','0007367489',51,1),(584,431780,'Muhammad Andri Rakhmadani','0012777735',51,1),(585,431920,'Via Yuliafan','0011985328',51,1),(586,432004,'Dwi Setyawan','0008559143',51,1),(587,432106,'Eko Novia Deltama Yusuf','0008582670',51,1),(588,432112,'M Abdul Rozek','0007402937',51,1),(589,432195,'Nofi Dwi Megayanti','0012026283',51,1),(590,432198,'Ariya Dwi Wiranto','0012012174',51,1),(591,432203,'Saifin Nuha','0012875983',51,1),(592,432228,'Pendik Istanto','0012369507',51,1),(593,432231,'Wiwik Hidayah','0008640076',51,1),(594,432374,'Muhammad Adi Ramadhan','0009951796',51,1),(595,432395,'Ainur Rohmatin','0009947031',51,1),(596,432398,'M Rizal Romadhoni','0004978239',51,1),(597,432443,'M Rozaq','0009081575',51,1),(598,0,'','',51,0),(599,432445,'Musdalifah','0008178979',51,1),(601,432478,'Angga Prastiyah','0003152246',51,1),(602,432491,'Anisa','0003181471',51,1),(603,432493,'Rozikin','0003014316',51,1),(604,432634,'Suryani','0008560667',51,1),(605,432640,'Ela Agustin','0008630001',51,1),(606,432658,'Khoirul Anam','0009049051',51,1),(608,434111,'Ahmad Soleh','0011860634',51,1),(609,434116,'Muhammad Anis Roga','0011854270',51,1),(610,434122,'Ahmad Luqmanul Hakim','0011366824',51,1),(611,434123,'Muhammad Jainul Adiansyah','0011870607',51,1),(612,434124,'Muhammad Hafidh','0011872283',51,1),(613,434130,'Dedi Setiawan','0011773825',51,1),(614,434132,'Andri Utomo','0000965983',51,1),(615,434137,'Sahrul Ulum','0011903997',51,1),(616,434140,'Sugeng','0011025577',51,1),(617,434228,'Candrawati','0008486366',51,1),(618,434229,'Roisyatul Khofiah','0002915379',51,1),(619,434230,'Mukhlisin','0002913034',51,1),(620,434248,'Denisa Maharani','0011074973',51,1),(621,434249,'Khotimah','0011074889',51,1),(622,434305,'David Satria Abimanyu','0011367552',51,1),(623,434317,'Nur Muhammad Ainul Yakin','0011886223',51,1),(625,434759,'Mustaqim','0008038877',51,1),(626,434796,'Muhammad Kafil','0002920614',51,1),(627,434808,'Efit Harfianto','0002904191',51,1),(628,434813,'Muchammad Said','0002871728',51,1),(629,434815,'Bagus Amiru Rohman','0002910490',51,1),(630,434917,'Eka Mahesa Putra','0000780484',51,1),(631,434918,'Alpi Dwi Ardana','0000806285',51,1),(632,434934,'Muhammad Adrian Chizmi Fairuzi','0000767747',51,1),(633,434937,'Wahyudi','0000767947',51,1),(634,434939,'Ahmad Rofi\'I','0000745105',51,1),(635,434941,'Waljismi','0000745695',51,1),(636,434942,'Nanda Ramadhani','0000801458',51,1),(637,434946,'Amiruddin','0000785736',51,1),(638,434947,'Deri Ahmad Zaini','0000796505',51,1),(639,434949,'Ahmad Nurfitroh','0000834702',51,1),(640,434958,'Mohammad Usman','0002913489',51,1),(641,434980,'Rohmania','0011056061',51,1),(642,435033,'Lusi Efanti','0002969670',51,1),(643,435047,'Abd Kholiq','0002888748',51,1),(644,435049,'M Sulton Maulana','0002898613',51,1),(645,435050,'Dio Dicky Noviandi','0002893311',51,1),(646,435135,'Hema Rany Pratiwi','0011776209',51,1),(647,435138,'Saidatul Kurniyanti','0011829797',51,1),(648,435139,'Lilik Faridah','0002321005',51,1),(649,435147,'Farhan Nurlatif','0008696337',51,1),(650,435186,'Miftaful Huda','0002888881',51,1),(651,435237,'Rizal Akbar Izul Haq','0011369898',51,1),(652,435729,'Aniariyanti','0011930241',51,1),(653,435730,'Tium Hidayatur Rohmah','0011292246',51,1),(654,435732,'Moh Afandi','0011293142',51,1),(655,435733,'Mohammad Farisul Islam','0011849809',51,1),(656,435734,'Yesika Hermawan','0011292219',51,1),(657,435735,'Lia Widya Wardhani','0011773389',51,1),(658,435736,'Muhammad Alfin Mubarok','0011773388',51,1),(659,435737,'Achmad Burhanudin','0011292184',51,1),(660,435738,'Oktavia Anggraeni','0011277222',51,1),(661,435740,'Basofis Dwi Rizki A','0011254382',51,1),(662,435741,'Nisa Ayu Ramadhani','0011254282',51,1),(663,435742,'Mohamad Ragil Fatah','0011837583',51,1),(664,435743,'Reni Dwi Octaviani','0011256211',51,1),(665,435744,'Lailatur Rochmah','0011869858',51,1),(666,435745,'M Chairil Hidayah','0011790452',51,1),(667,435747,'Rizal Ababil','0011790442',51,1),(668,435748,'Mamluatur Rohmah','0011790365',51,1),(669,435749,'Siti Khuzamah','0011301868',51,1),(670,435750,'Ainur Rosidah','0011817738',51,1),(672,435752,'Sufiatul Rochmah','0011084060',51,1),(673,435753,'Akhmad Arifin','0011813380',51,1),(674,435754,'Fidia Maulidah','0011813507',51,1),(675,435756,'Yasinta Esti Indriani','0011029548',51,1),(676,435757,'Henik Nurwati Ningsih','0008497046',51,1),(677,435758,'Nurul Faizatul Munawaroh','0011319602',51,1),(678,435759,'Nurul Tias Arindiani','0011319731',51,1),(679,435760,'Ucik Kusdiana','0011319752',51,1),(680,435761,'Nur Hadi','0011281154',51,1),(682,415326,'Muhammad Sofyan AI','0008203228',51,1),(683,424168,'Moh Misbachudin','0006529157',51,1),(684,426528,'Puji Utomo','0008655357',51,1),(685,438258,'Siti Rohma Hartina','0002443783',51,1),(686,423745,'ditha rara a f','0011357801',51,1),(687,403460,'zily ikawati','0002239059',51,1),(688,434828,'jamiatut','0002884546',51,1),(689,431724,'MUHAMMAD MAFTHU','0001684419',51,1),(690,431181,'M.NURUL YAKIN','0001960198',51,1),(691,432398,'M.RIZAL ROMADHONI','0002037960',51,1),(692,378725,'AHMAD NASRULLAH','0011829707',51,1),(693,435236,'Moch. Firman Firdaus','0001743404',16,1),(694,430844,'m.nur mudaal rezqi','0004107277',51,1),(699,433913,'rahmad dwi zakaria','0011053911',51,1),(704,434829,'KRISNAWATI','0011370277',51,1),(705,430675,'EKA NOVIANA','0008690385',51,1),(706,42930,'SITI NIS UMROH','0011822671',51,1),(709,423568,'RIAN DWI ANDRIS','0002895564',51,1),(1009,435872,'ILHAM ANDIKA APRIANTO','0004108527',51,1),(1010,435873,'M BAGUS MAULID','0004170105',51,1),(1017,375414,'SOLIK','0011837927',51,1),(1019,399953,'SUDIR PRIADI','0002230831',51,1),(1022,429349,'M.RIZKY','0008704917',51,1),(1023,388915,'SURIFAH','0008599179',51,1),(1024,399857,'heriono','0008131088',51,1),(1682,378971,'Binti Alimah','0002316757',98,1),(1683,379001,'Marsuni','0002291832',98,1),(1684,379164,'Kartini','0008364429',98,1),(1685,379181,'Lilik Ningsih','0002260158',98,1),(1686,379460,'Yayuk Ningsih','0003009078',98,1),(1687,379501,'Suliana','0006407667',98,1),(1688,379576,'Suprayitno','0011304611',98,1),(1689,379617,'Suwantoro','0000745101',98,1),(1690,379619,'Khalimah','0011865159',98,1),(1691,379984,'Agus Waluyo','0011791053',98,1),(1692,10016,'Siti Romlah','0004614376',98,1),(1693,11006,'Hafidz Misbahudin','0002263081',98,1),(1694,360007,'T u m i','0007772897',98,1),(1695,370014,'Kalimah','0007604976',98,1),(1696,370023,'Dama','0007977107',98,1),(1697,370057,'Suparlin','0007837945',98,1),(1698,373077,'Ida Royani','0003016489',98,1),(1699,373470,'Retno Sri W','0009841203',98,1),(1700,373731,'Rumiyati','0006432309',98,1),(1701,374411,'Suliyah','0008008951',98,1),(1702,374417,'Kamsiatin','0008169298',98,1),(1703,374482,'Faridah','0002259035',98,1),(1704,375892,'Hari Susanto','0000786360',98,1),(1705,376663,'Kusmiati','0011842370',98,1),(1706,376715,'Farida Ariyani','0011774097',98,1),(1707,377237,'Nasripah','0011602583',98,1),(1708,378065,'Solichin','0000789760',98,1),(1709,381086,'Desi Yuli Afrianti','0003015554',98,1),(1710,381468,'Yuliyatin','0008935844',98,1),(1711,381554,'Sundari','0001766598',98,1),(1712,382015,'Satrik','0007860624',98,1),(1713,383444,'Sri Minarsih','0004109205',98,1),(1714,383756,'Sri Wahyuningsih','0000744026',98,1),(1715,384392,'Astutik','0011582373',98,1),(1716,384421,'Tatik Saidah','0012308671',98,1),(1717,385226,'Ike Krisnawati','0009105330',98,1),(1718,385334,'Susianah','0000394699',98,1),(1719,386015,'Handayani','0006388773',98,1),(1720,388572,'Mukhlisun','0013829221',98,1),(1721,388897,'Muswati','0001684668',98,1),(1722,389013,'Moch. Sukron','0007994525',98,1),(1723,389766,'Rokhila','0000772311',98,1),(1724,389876,'Wariati','0009660805',98,1),(1725,389891,'Sulton','0005398422',98,1),(1726,390356,'Titik Nurhayati','0005204060',98,1),(1727,391053,'Hasan','0008726291',98,1),(1728,391672,'Misnuraini Ningsih','0011294118',98,1),(1729,392121,'Sarti','0014091763',98,1),(1730,392140,'Nunuk Suhartini','0008046218',98,1),(1731,392326,'Miftakhul Jannah','0007025249',98,1),(1732,392545,'Soliha','0011029519',98,1),(1733,393474,'Fitriyah','0008433359',98,1),(1734,394352,'Soliha','0000763189',98,1),(1735,394525,'Naimah','0012765503',98,1),(1736,395397,'Muhammad Solihin','0008599192',98,1),(1737,395680,'Syawal','0011851502',98,1),(1738,396362,'Suwarni','0011605922',98,1),(1739,397077,'M. Arifin','0002228845',98,1),(1740,398358,'Patimatuz Zahro','0005513544',98,1),(1741,398941,'Suhartiningsih','0006967800',98,1),(1742,399107,'Siti Lutfiyah','0003150794',98,1),(1743,399258,'Halimah','0006422767',98,1),(1744,400567,'Sugiati','0007418806',98,1),(1745,400622,'Suparti','0009170534',98,1),(1746,402688,'Ach Dzoel Halim','0011305328',98,1),(1747,402758,'Fachriatul Umami','0000797419',98,1),(1748,403388,'Nur Fitriyah','0005100568',98,1),(1749,403426,'Tutik','0008081352',98,1),(1750,403593,'Winarti','0005475504',98,1),(1751,403803,'Jumaidah','0006544382',98,1),(1752,404083,'Djazula','0000214125',98,1),(1753,404355,'Siti Alfiah','0007642461',98,1),(1754,404402,'Nur Faidah','0008303390',98,1),(1755,404539,'Roicha','0007794422',98,1),(1756,404591,'Suminah','0001683767',98,1),(1757,404637,'Dewi Agustina','0000255698',98,1),(1758,405236,'Holilus Suhada','0000761751',98,1),(1759,405237,'M Husnan','0011299529',98,1),(1760,405430,'Iis Khasanah','0002726918',98,1),(1761,405464,'Ratia','0006672784',98,1),(1762,406000,'Dewi Maria','0011257041',98,1),(1763,406107,'Sariati','0008294909',98,1),(1764,406175,'Sulistyawati','0002235494',98,1),(1765,408226,'Siti Nur Khannah','0002907500',98,1),(1766,408230,'Sumaiyah','0002259963',98,1),(1767,408344,'Chalimah','0008129280',98,1),(1768,408406,'Mutmainnatul Hidayah','0008372621',98,1),(1769,408423,'Yuyun','0002294904',98,1),(1770,408522,'Siti Khasanah','0006387522',98,1),(1771,409000,'Nur Hayati','0004479572',98,1),(1772,409431,'Rochima Kumulloh','0011588472',98,1),(1773,409449,'Amaniyah','0002235654',98,1),(1774,409685,'Chumaidah','0006716379',98,1),(1775,409687,'Lilik Pujiati','0003533666',98,1),(1776,409726,'Sumakyah','0007846820',98,1),(1777,409883,'Masruroh','0011294143',98,1),(1778,410025,'Leni Marlina','0013757887',98,1),(1779,410056,'Chotimah','0008612833',98,1),(1780,410271,'Dewi Mufidatul I','0002469260',98,1),(1781,410644,'Amindari','0006426731',98,1),(1782,412371,'Nurul Aini','0011545637',98,1),(1783,412484,'Farida','0002305731',98,1),(1784,412618,'Bahrul Ulum','0001954048',98,1),(1785,412704,'Lilik Sundari','0011308517',98,1),(1786,412751,'Pitri Rahayu','0005639787',98,1),(1787,413284,'Siti Afidah','0008169329',98,1),(1788,413286,'Musria','0012299191',98,1),(1789,413518,'Uun Sumiati','0000696899',98,1),(1790,413618,'Amat Zaenuri','0007711302',98,1),(1791,413808,'Umaiya','0002303175',98,1),(1792,413809,'Wiwik Budiarti','0003162354',98,1),(1793,414050,'Umi Kulsum','0008085795',98,1),(1794,414474,'Evie Zanova','0008454078',98,1),(1795,414708,'Niak kurniawan','0006636363',98,1),(1796,415368,'Muhammad Angga S','0000789575',98,1),(1797,415920,'Desi Arifani','0007396605',98,1),(1798,416122,'Khoirul Anam','0016254132',98,1),(1799,416128,'Anan','0004775079',98,1),(1800,416146,'Nurul Anifah','0011256071',98,1),(1801,417188,'Narti','0011587664',98,1),(1802,417682,'Dita Purnamawati','0007217577',98,1),(1803,417694,'Abdul Jalil','0002985132',98,1),(1804,417701,'Anisah','0005160799',98,1),(1805,417859,'Umi Napiah','0006686563',98,1),(1806,417863,'Muhammad Ilham','0008101644',98,1),(1807,418149,'Siti Humaidah','0004603124',98,1),(1808,419396,'Vina Apriliana Wati','0002903779',98,1),(1809,419506,'Syarofah','0005509476',98,1),(1810,419509,'Angwyn Ega Prahadi','0011558186',98,1),(1811,419892,'Nariyono','0014092596',98,1),(1812,420512,'Siti Rusmala Sari','0008288589',98,1),(1813,421001,'Lailatul Nur Afia F','0005496039',98,1),(1814,421190,'Kasiani','0008714214',98,1),(1815,422136,'Agus Dwi Prayitno','0008233139',98,1),(1816,422166,'M Fauzi','0011933319',98,1),(1817,422275,'Tulus Yulianto','0004889551',98,1),(1818,422276,'Wahyuni Ningsih','0007993338',98,1),(1819,422297,'Muhammad Hamdani','0016238496',98,1),(1820,422377,'Zetik Linarsih','0000818223',98,1),(1821,422502,'Ernawati','0004912055',98,1),(1822,422579,'Hari Priyanto','0009092925',98,1),(1823,423519,'Wiwit Eko Prasetyo','0008700910',98,1),(1824,423545,'Ana Sumai','0008187375',98,1),(1825,423575,'Darmiati','0008195679',98,1),(1826,423919,'Wiwin Sumarlik','0008709524',98,1),(1827,423938,'Wasis Imam Sadewa','0007212886',98,1),(1828,424339,'Khoiriyah','0006494032',98,1),(1829,425002,'Elyvia Septia Dewi','0006566936',98,1),(1830,425004,'Husnul Khotimah','0007378414',98,1),(1831,425005,'Suyatmi','0008053075',98,1),(1832,425117,'Rizal Junaidi','0008752201',98,1),(1833,425413,'Abdillah','0007457980',98,1),(1834,425471,'Muhammad Dhany Kurniyawan','0007427922',98,1),(1835,425472,'Nova Pristiwati','0007175720',98,1),(1836,425476,'Dimas Abdul Majit','0004177062',98,1),(1837,425478,'Muchammad Riky Hidayat','0009207244',98,1),(1838,425728,'M Dwiki Faisal','0007767099',98,1),(1839,426379,'M Angga','0009270803',98,1),(1840,426380,'Erna Rahmawati','0009658529',98,1),(1841,426409,'Dwi Prastyo','0008931776',98,1),(1842,426416,'Rizky Ramadhan','0007201291',98,1),(1843,426417,'Muhammad Andriyanto','0007187845',98,1),(1844,426420,'Muhammad Hamsun','0007083887',98,1),(1845,426425,'Moch Aqil Mubarak','0008688935',98,1),(1846,426452,'Abdul Holil','0007332116',98,1),(1847,426564,'Nur Muhammad Mauludin','0005035981',98,1),(1848,426581,'Moh Ayus Mahdory','0002318391',98,1),(1849,426582,'Sabilil Muttaqin','0002992322',98,1),(1850,426614,'Fina Rahmatunnisa','0007217380',98,1),(1851,426632,'Akhmad Bahrudin','0007205876',98,1),(1852,426837,'Hanifah','0008303439',98,1),(1853,426928,'Rofi Maulana Sari','0012053077',98,1),(1854,426937,'Siti Aminah','0007027403',98,1),(1855,426959,'Suhaemi','0002262714',98,1),(1856,426987,'Rizal Romadhan','0002302841',98,1),(1857,427186,'Mukhamad Agung Saputra','0006683167',98,1),(1858,427271,'Subadri','0005027901',98,1),(1859,427374,'May Nabila Putri','0002250476',98,1),(1860,427386,'Elsa Lailatul Mukharomah','0005144666',98,1),(1861,427488,'Lukmanul Hidayat','0002003201',98,1),(1862,427496,'M Rifai','0000440756',98,1),(1863,427532,'Irfan','0008513858',98,1),(1864,427568,'Agus Setiana','0002254791',98,1),(1865,427581,'Anggun Budi Pratama','0000173589',98,1),(1866,427583,'David Alamzah','0000164989',98,1),(1867,427725,'Darmiati','0008127700',98,1),(1868,427923,'Agus Purnomo','0008746177',98,1),(1869,427995,'Titian Eky Yuanita Sari','0000382678',98,1),(1870,428203,'Muchammad Ainul Yakin','0011866732',98,1),(1871,428204,'Mohammad Suryo','0000083657',98,1),(1872,428235,'A Nizar Firmansyah','0008272078',98,1),(1873,428249,'Indah Nur Diana','0007990138',98,1),(1874,428275,'Hamzah Asyari','0007600784',98,1),(1875,428283,'Rahmad Fahrur Rozi','0007328837',98,1),(1876,428296,'Ridwan Hermanto','0002316712',98,1),(1877,428323,'Imam Mauludin','0000139107',98,1),(1878,428554,'Suudi','0011842355',98,1),(1879,428580,'Davit Andika Maulana','0009300323',98,1),(1880,428615,'Abdus Syakur','0008700821',98,1),(1881,428616,'M Irfan','0008023328',98,1),(1882,428768,'Mukhamad Syaifuddin','0007986002',98,1),(1883,428780,'Darian','0008604453',98,1),(1884,430126,'Nur Hamidah','0005226991',98,1),(1885,430172,'Imam Qudri','0009304200',98,1),(1886,430224,'Akhmad Syafii','0001561825',98,1),(1887,430227,'Dimas Pramudya Saputra','0000198643',98,1),(1888,430271,'Ika Yulia Rahma','0002987292',98,1),(1889,430277,'Mukhamad Rizki','0000163346',98,1),(1890,430278,'Muchammad Iqbal Lutfi','0000767611',98,1),(1891,430317,'Siti Khomimah','0001757694',98,1),(1892,430318,'Siti Aminah','0002236436',98,1),(1893,430346,'Ahmad Shodiq','0000361443',98,1),(1894,433009,'Darmiati','0002275491',98,1),(1895,433245,'Siti Ainul Mujaroh','0000769807',98,1),(1896,433333,'Moch Andian Sahril Alden','0002294053',98,1),(1897,433341,'Niva Wahyu Ningtiyas','0002284935',98,1),(1898,433343,'Ika Suprawati','0002238654',98,1),(1899,433345,'Rere Jeny Imel Vicentia Viki Verani','0011254240',98,1),(1900,433350,'Ega Putri','0000759807',98,1),(1901,433359,'Heni Purwati','0002263186',98,1),(1902,433363,'Siti Khodijah','0001631283',98,1),(1903,433374,'Siti Fatimah','0002994761',98,1),(1904,433377,'Yuni Nur Cahyanti','0007994333',98,1),(1905,433378,'Henny Natalia','0002914200',98,1),(1906,433380,'Mohamat Slamet','0008581539',98,1),(1907,433386,'Bagus Sugianto','0008459161',98,1),(1908,433388,'Muhamad Irpan','0002262857',98,1),(1909,433391,'Muchammad Nuruddin','0002262741',98,1),(1910,434043,'Khotin','0008046261',98,1),(1911,434386,'Sabita Widat Rosanti','0011866019',98,1),(1912,434404,'Sovi Atul Nimah','0007703159',98,1),(1913,434406,'Liya Ningsih','0011263517',98,1),(1914,434407,'Rosida Rahmawati','0011273318',98,1),(1915,434489,'Syaroni Muhaybi','0011355608',98,1),(1916,434492,'Muhammad Atim Wahyudi','0005013770',98,1),(1917,434493,'Imam Bukhori','0011785802',98,1),(1918,434577,'Dicky Rahmadi','0008700930',98,1),(1919,434611,'Alfinda Reynaldinha Maulidsya','0011031786',98,1),(1920,434618,'Ninis Sahilla Andani','0002302836',98,1),(1921,434621,'Suhesti Martasari','0002365529',98,1),(1922,434634,'Kharisma','0005446160',98,1),(1923,434647,'Dyana Yunis Wahidatul Okta','0008287275',98,1),(1924,434649,'Meylisa Dinda Safitri','0011320984',98,1),(1925,434884,'Mega Mahardhika','0011861979',98,1),(1926,434906,'Susi Setia Ningsih','0000762020',98,1),(1927,434919,'Mukhammad Syarifudin','0007654173',98,1),(1928,434920,'Eriek Estrada','0000825475',98,1),(1929,434986,'Khoirun Nuriyani','0011041355',98,1),(1930,434987,'Diyah Yunike Mayasari','0008580049',98,1),(1931,434993,'Shobibatul Laila','0011056017',98,1),(1932,434995,'Vellyta Faadhila','0011056009',98,1),(1933,435016,'Nurida Febriyanti','0011385839',98,1),(1934,435078,'Febria Tities Wahyuning Kurnia Sari','0002944317',98,1),(1935,435108,'Weni Ratnasari','0002992942',98,1),(1936,435109,'Alifia Riza Ananta','0002993398',98,1),(1937,435115,'Vita Nurmalasari','0002973512',98,1),(1938,436005,'M Budi Setyawan','0002038621',98,1),(1939,436008,'Putri Aina Salsabila','0011253931',98,1),(1940,436010,'Wahyu Eko Ramadani','0002036231',98,1),(1941,436011,'Hamada','0011254137',98,1),(1942,436016,'Jaya Saputra','0011254119',98,1),(1943,436018,'Listiyani','0005065829',98,1),(1944,436019,'Riya Yunitasari','0002261725',98,1),(1945,436023,'Mukhamad Pramana','0002289806',98,1),(1946,436024,'David Heru Setiawan','0002289732',98,1),(1947,436027,'Muridan','0002289775',98,1),(1948,436029,'Ahmad Sukandar','0005177759',98,1),(1949,436034,'M Syafiqi','0008597647',98,1),(1950,436035,'Mochammad Arifin','0005012935',98,1),(1951,436037,'Muhammad Bahtiar Yuda Dwi Prasetya','0006359264',98,1),(1952,436038,'Muhammad Khoirul Ibad','0008712820',98,1),(1953,436041,'Nur Kholik Hidayat','0008712771',98,1),(1954,436043,'Rama Shandinata','0008690716',98,1),(1955,436064,'Hayati','0005049263',98,1),(1956,436066,'Puput Rusgiati','0005111640',98,1),(1957,436067,'Hasbulloh','0008453958',98,1),(1958,436070,'Dimas Aji Prasetyo','0008453897',98,1),(1959,436071,'Hidayatulloh','0008431757',98,1),(1960,436075,'Muhamad Nuril Ibad','0008714190',98,1),(1961,436085,'Dimas Nur Faadihillah','0005607283',98,1),(1962,436086,'Erna Juwita Sari','0005168972',98,1),(1963,436087,'Muhimmatul Uliya','0005086934',98,1),(1964,436090,'Dwi Febriani','0008605210',98,1),(1965,436091,'Putri Amelia Hidayati','0000833697',98,1),(1966,436093,'Lula Mutiatis Riswana','0005109926',98,1),(1967,436095,'Martinus Dandianto Regho','0008604916',98,1),(1968,436175,'Abdul Majid','0005120880',98,1),(1969,436176,'Abdul Halim','0008050214',98,1),(1970,436178,'Muhammad Asrori','0005620199',98,1),(1971,436179,'Muhammad Ghufron Firdaus','0005187452',98,1),(1972,436180,'Mochammad Henry','0005693059',98,1),(1973,436181,'Moh Rajifil Haq','0005031094',98,1),(1974,436182,'Akhmad Fikkri Widiantoro','0005036379',98,1),(1975,436185,'Rachmat Lutfi Fachrudin','0008574842',98,1),(1976,436276,'Luqman Arif','0005603014',98,1),(1977,436278,'Mukhamad Mauludi','0005603988',98,1),(1978,436281,'Fahmy Firmansyah','0008569946',98,1),(1979,436284,'Khamdani','0008771903',98,1),(1980,436322,'Nur Muhammad Khotim','0011320327',98,1),(1981,436324,'Muhammad Salim','0011320295',98,1),(1982,436325,'Nur Said Hidayat','0011336615',98,1),(1983,436326,'Rizky Mauludin','0011845346',98,1),(1984,436330,'Fazal Muzakki','0011301853',98,1),(1985,436332,'Dean Rizki Alvianto','0011301839',98,1),(1986,436333,'Abdurrochman','0011765030',98,1),(1987,436334,'Ainul Yaqin','0011790356',98,1),(1988,436335,'Indra Tri Wahyudi','0011765254',98,1),(1989,436336,'Muhammad Tegar Aditya','0011277241',98,1),(1990,436337,'Akhmad Afifudin','0011299457',98,1),(1991,436338,'M Subadri','0011335883',98,1),(1992,436339,'Firman Wahyu Hartono','0011335904',98,1),(1993,436341,'Bima Wahyu Saputra','0011281095',98,1),(1994,436342,'Iin Sriwilujeng','0011020547',98,1),(1995,436345,'Diska Amalia','0011867252',98,1),(1996,436346,'Sri Handayani','0011774060',98,1),(1997,436347,'Ika Hariyani','0011262377',98,1),(1998,436348,'Abdul Shomad','0011267711',98,1),(1999,436349,'Elis Setiawati','0011256130',98,1),(2000,436350,'Ridlo Almansuri','0011296929',98,1),(2001,436352,'Muhammad Fuad Sihabudin','0011319663',98,1),(2002,436353,'Arief Widiyanto','0011816359',98,1),(2003,436354,'Moh Abd Rozak','0011773572',98,1),(2004,436355,'Nur Fitria Hadi','0011830594',98,1),(2005,436356,'Samsul Hadi','0011256187',98,1),(2006,436357,'Lisamani','0011267719',98,1),(2007,436358,'Mukhammad Ma Ruf','0011818379',98,1),(2008,436372,'Muhammad Firmansyah','0011301885',98,1),(2009,436344,'Khusnul Khuluq Febrianto','0011765102',98,1),(2010,379870,'Utomo','0012821167',51,1),(2011,394020,'Indarti','0008598381',51,1),(2012,423446,'Irawati','0008684318',51,1),(2013,429858,'Sutriani','0002892563',51,1),(2014,429933,'Warti','0008174033',51,1),(2015,432448,'Nasihin','0011379236',51,1),(2016,432677,'Hariyanto','0003222562',51,1),(2017,435751,'Abdul Wahab','0004103508',51,1),(2018,436359,'maulana ferdian','0011861314',51,1),(2019,379920,'WARNI','0008335093',4,1),(2020,420430,'yulianti','0002303181',4,1),(2021,434342,'Anis Mufaridah','0011257025',98,1),(2022,426342,'Alifa','0005415922',98,1),(2023,0,'','',67,1),(2024,428334,'Ari Purwanto','0007568858',98,1),(2025,432444,'Sanimatus Zahro','0002315091',51,1),(2026,435701,'Hasanuddin','0011326818',51,1),(2027,0,'','',51,1),(2028,421965,'Lailatul K','0000768246',51,1),(2029,420717,'Setiawan Joni','0003026197',98,1),(2030,432015,'miftahul jannah','0002367331',98,1),(2031,401037,'catur','0013748433',98,1),(2032,436512,'Sofiyatul M','0002874793',98,1),(2033,436793,'Agung Dwi F','0008131066',98,1),(2034,406132,'Wahyu Sri Utami','0008703050',98,1),(2035,402193,'memet budi s','0013700795',98,1),(2036,436611,'Yunif Mauludina C','0011062414',98,1),(2037,426258,'begyo sikin','0011282520',98,1),(2038,0,'','',NULL,1),(2039,409704,'lasmina','0002262753',67,1),(2040,436577,'FITRIYAH','0011074986',98,1),(2041,428179,'Wiwi Haryati','0007690953',98,1),(2042,436518,'Nur Khoridah','0002980317',98,1),(2043,405181,'Nasruni','0011074894',98,1),(2044,436610,'Ahmad Zudi S','0011408389',98,1),(2045,436580,'Lukman Hakim','0011062376',98,1),(2046,427075,'Moh Chua Cahyono','0004738304',98,1),(2047,436523,'Ahmad Siro Juddin','0002992117',98,1),(2048,436521,'Amad Rendy D.K','0002987009',98,1),(2049,436560,'Muhammad Nur Wahyu','0003013679',98,1),(2050,433975,'Ani Enda Safitri','0011352459',98,1),(2051,436578,'Ahmad Ainul L','0011058462',98,1),(2052,436232,'Muchammad Lukman H','0000812765',98,1),(2053,381572,'Suliati','0002887580',98,1),(2054,436561,'Muhammad Zainuri','0002989580',98,1),(2055,436515,'Lusi Agyustin','0002884877',98,1),(2056,436544,'Siti Nurifah','0002999975',98,1),(2057,436525,'Bintiatus Sukuri','0002994578',98,1),(2058,436529,'Rochmatul Aliya','0002985601',98,1),(2059,436559,'Didit Santoso','0002961675',98,1),(2060,436575,'Ahya Ulumudin','0011058456',98,1),(2061,436570,'Rahman Maulana ','0011856274',98,1),(2062,436531,'muhammad rizqi','0002983628',98,1),(2063,436572,'Muhammad Feri .K','0002990818',98,1),(2064,426341,'Badriya','0008053721',98,1),(2065,436546,'Muhammad Lukman','0003027937',98,1),(2066,4272271,'SUBADRI','0005027901',67,1),(2067,401510,'Roni Nere ','0008700239',98,1),(2068,392005,'Hesti Prastyawati','0012426033',98,1),(2069,383306,'YUSRO GUNAWAN','0008050234',98,1),(2070,437221,'mariance','0000789906',51,1),(2071,437210,'safitri','0000760940',51,1),(2072,437211,'maharani kurniati','0002296918',51,1),(2073,0,'','',51,1),(2074,437219,'rirn novita sari','0002318109',51,1),(2075,437213,'didik arif firmansyah','0002284611',51,1),(2076,437207,'m sahrul','0000833270',51,1),(2077,437208,'m burhanuddin','0002308055',51,1),(2078,437212,'ach khoirur roziqin','0000761214',51,1),(2079,437209,'mukhammad adi','0002297021',51,1),(2080,437214,'nur hudah','0002298142',51,1),(2081,437217,'fajar ramadhan','0002307993',51,1),(2082,437220,'abd gofar','0000784954',51,1),(2083,437216,'daniel ng','0002284671',51,1),(2084,434218,'muhammad irfan','0000756127',51,1),(2085,437352,'Nasrulloh Jamaludin','0000765615',51,1),(2086,437511,'DEWI HUSAIMA','0005416209',51,1),(2087,437471,'MUHAMMAD FALIH AMIN','0006948503',51,1),(2088,437522,'MUHAMMAD ARIF SETIAWAN','0007326464',51,1),(2089,437484,'MUHAMMAD ARIL','0006565879',51,1),(2090,437487,'ACHMAD FAJAR','0006563795',51,1),(2091,437481,'M EFENDI','0006522359',51,1),(2092,437499,'ABDUL AZIZ','0007915628',51,1),(2093,437478,'UBAIDUR ROKHIM','0006524652',51,1),(2094,437479,'MOH HOSEN AMINALLAH','0006523240',51,1),(2095,437483,'AKHMAD AFIFUDIN','0006562415',51,1),(2096,437489,'MOCHAMAD YAHYA','0007345241',51,1),(2097,437480,'HASIM','0006522749',51,1),(2098,437485,'ACHMAD DONY PRADITA','0006567291',51,1),(2099,437477,'RAMADHANI','0006525261',51,1),(2100,437476,'MUHAMMAD IRFAN','0008073244',51,1),(2101,437488,'ALI AFIF MUHLIS','0007330361',51,1),(2102,437474,'HOIRUL ANWAR','0008073354',51,1),(2103,437470,'M FIRJA FIRMANSYAH','0008043342',51,1),(2104,437486,'ACH BAROKI','0006567900',51,1),(2105,437473,'CAESARIO JEDI ANAKIN','0007992206',51,1),(2106,437475,'HOIRUL FATULLO','0008073271',51,1),(2107,437472,'BAYU SAPUTRA','0007992357',51,1),(2108,437546,'SUROSO LAKSONO','0008482417',51,1),(2109,437539,'M NUR ABDILLAH','0008055526',51,1),(2110,437576,'MOHAMMAD IWAN','0007785287',51,1),(2111,437532,'LAILATUL ROMADHONI','0008482307',51,1),(2112,437536,'WARSINI','0007995480',51,1),(2113,437542,'FIRDA AULIA NATASYA','0008070143',51,1),(2114,437535,'MASNIA ULFA','0008101732',51,1),(2115,437541,'NURIL HAMIDAH','0007995231',51,1),(2116,437545,'SITI QOMARIA LATIFA','0007010177',51,1),(2117,437537,'ARI INDRA MINARTI','0008101669',51,1),(2118,437538,'WINDA AUDINA TRIAINI','0007989706',51,1),(2119,437540,'SITI AISYAH','0008021864',51,1),(2120,437533,'ANITA','0007989762',51,1),(2121,437613,'AKHMAD MASKHUR MARDIANSYAH','0008055112',51,1),(2122,437610,'LUTFIANA','0007994603',51,1),(2123,737616,'SYAIFUL ANAM','0006974368',51,1),(2124,437614,'M ADITYA ANUGRA PRATAMA','0008055173',51,1),(2125,436990,'angelina yomi wasti nah','0004795714',51,1),(2392,437609,'Romadhona Akhadia','0008022479',51,1),(2393,437608,'Fitria Dwi Natasya','0008352149',51,1),(2394,437686,'Muchammad Mujib','0008175891',51,1),(2395,437615,'Alfian Yulianto','0007986188',51,1),(2396,437684,'Aldi Putra M','0008175847',51,1),(2397,437685,'Siti Khusnul K','0008212580',51,1),(2398,436595,'NUR IMAMA','0011873241',51,1),(2399,437712,'Ahmad Rizaludin','0008030194',51,1),(2400,437710,'M.Nasron H','0008030438',51,1),(2401,437711,'Muhammad Nurchalimi','0012898307',51,1),(2402,437701,'Muhammad Ferdian F','0008035266',51,1),(2403,437702,'Muhammad Beny P','0008252499',51,1),(2404,437706,'Kurniawan ','0008303376',51,1),(2405,437700,'JefrI Ainur R','0008252548',51,1),(2406,437705,'Muhammad  Miftahudin','0008252204',51,1),(2407,437709,'Akhadi','0012898351',51,1),(2408,437719,'Slamet','0008000909',51,1),(2409,437716,'Mohammad Fathihk D','0008030490',51,1),(2410,437627,'Moch Moqurrobin','0008030489',51,1),(2411,437699,'Rochmat Januantoro','0008351951',51,1),(2412,437698,'Imam Sibromulasi','0008035156',51,1),(2413,437722,'Sutiah','0008000846',51,1),(2414,437717,'Yuli Astutik','0008030193',51,1),(2415,437547,'M REZA FAHLEFI','0008482354',51,1),(2416,437683,'Aure Dias Fitra','0008022464',51,1),(2417,437815,'NANIK WAHYUNINGSEH','0008146412',51,1),(2418,437312,'Novi Putri','0002319084',98,1),(2419,436709,'HILMAN F','0005123768',51,1),(2420,437946,'ELVINA RIZQI FALUSI','0005088893',51,1),(2421,435933,'ACHMAD ULIL AZMI','0011842434',51,1),(2428,370036,'Mujiati','0001629918',78,1),(2429,376530,'Sri Mariyah','0011277325',78,1),(2430,378145,'Kholifah','0011776200',78,1),(2431,378402,'Seniti','0002966967',78,1),(2432,383472,'Wiwin Kusdiana','0011257039',78,1),(2433,385733,'Sayem Nasih','0007427696',78,1),(2434,393634,'Mukhammad Sonet Rizkillah','0006716731',78,1),(2435,393818,'Didik Setiawan','0011921113',78,1),(2436,395022,'Sahidin','0008709559',78,1),(2437,395098,'Moh Amirin','0002348535',78,1),(2438,395607,'Maisaroh','0011773716',78,1),(2439,396582,'Muhaimin','0000830481',78,1),(2440,398546,'Nurul Aini','0002037468',78,1),(2441,401126,'Sriwati','0007756520',78,1),(2442,401442,'Faizah Lani','0002250605',78,1),(2443,402325,'M Nasik','0005065237',78,1),(2444,402420,'Suminten','0011869812',78,1),(2445,402512,'Nur Cholis','0002235512',78,1),(2446,404566,'Sofyan Hadi','0000117722',78,1),(2447,405108,'Sulasmina','0011813500',78,1),(2448,408891,'Sumarni','0007666535',78,1),(2449,410426,'Sendy Lestiyawan','0005500155',78,1),(2450,410440,'Abdul Rohman','0008256265',78,1),(2451,410847,'Muqim','0005085384',78,1),(2452,411372,'Bayu Saputra','0002294358',78,1),(2453,411458,'Zainur Rozikin','0005597936',78,1),(2454,412302,'Risca Safitri','0005470304',78,1),(2455,414017,'David Dwi Pinandita','0000033735',78,1),(2456,414482,'Ririn Setiyowati','0007561593',78,1),(2457,414521,'Endang Kristianingsih','0002235503',78,1),(2458,415212,'Indah Tri Wahyuni','0011860816',78,1),(2459,415226,'Gilang Ramadhani','0008941043',78,1),(2460,415647,'Khoirun Naimah','0002244293',78,1),(2461,415704,'Anwar Zen','0008011599',78,1),(2462,415969,'Bagus Prasongko Putro','0011813420',78,1),(2463,415994,'Nur Wahyu Edi S','0007617847',78,1),(2464,416025,'Suma\'idah','0002898575',78,1),(2465,416344,'Khusmiati','0011256156',78,1),(2466,416505,'Khoirul Anam','0000264660',78,1),(2467,416507,'Aldi Lengga Ananda','0003012089',78,1),(2468,416552,'Nur Hayati','0002319068',78,1),(2469,416844,'Dewi Khofsoh','0007567467',78,1),(2470,416989,'Andriyati','0011319111',78,1),(2471,416991,'Fita Windriarti','0002948660',78,1),(2472,416998,'Muyassyaro','0002275510',78,1),(2473,418514,'M Hadi Usman','0007856002',78,1),(2474,420638,'Muhammad Suam','0003027392',78,1),(2475,423732,'M. Kholili','0006473715',78,1),(2476,426212,'Wildan Aji Priatmoko','0000828134',78,1),(2477,426707,'Yudha Andika Putra','0003847219',78,1),(2478,426738,'Malik Andrianto','0005100524',78,1),(2479,426779,'Muhamad Ismail','0000114494',78,1),(2480,426910,'Dodik Prastio','0002831940',78,1),(2481,427001,'Kurniadi','0008581594',78,1),(2482,427090,'Heriyanto','0000215015',78,1),(2483,427123,'Susanto Wijaya','0002248548',78,1),(2484,427373,'M Ilyas','0011267722',78,1),(2485,427822,'Fany Fadilah Bahrul Alim','0000761445',78,1),(2486,427890,'Didik Kurniadi','0002951529',78,1),(2487,427921,'Hendri Mei Haris','0009159494',78,1),(2488,428143,'Hary Prasetyo','0008930583',78,1),(2489,428411,'Moh Salim Sirot','0008950586',78,1),(2490,428452,'Novi Dini Anggaeni','0008119811',78,1),(2491,428456,'Muhammad Munib','0000603214',78,1),(2492,428467,'Baktiono','0000176514',78,1),(2493,428610,'Kholilur Rahman','0003016288',78,1),(2494,429800,'Sugik Kustianto','0006426143',78,1),(2495,429809,'Andrean','0008023289',78,1),(2496,430212,'Rafie Bandriawan','0001608052',78,1),(2497,430415,'Mukhamad Kholili','0002302538',78,1),(2498,430479,'Hendra Septiawan','0012048696',78,1),(2499,430518,'Devano Eka Kusuma Putra','0007386962',78,1),(2500,430549,'Pungki Prasetya','0008288130',78,1),(2501,430662,'Andiko Sastro Nugroho','0007388882',78,1),(2502,431140,'M Hidayat','0012022040',78,1),(2503,431141,'Noviyanto','0007707685',78,1),(2504,431377,'Mia Anggraeni','0011980768',78,1),(2505,432720,'Nur Inayah','0000820238',78,1),(2506,432725,'Rojil Ghufron','0003192626',78,1),(2507,432749,'Dwi Karyati','0009896635',78,1),(2508,432781,'M Ridwan','0003187393',78,1),(2509,432796,'Agung Ramadhani Firmansyah','0003211845',78,1),(2510,432810,'Rian Dicha Dwi Chayo','0008331479',78,1),(2511,432815,'Abdus Salam Adi Siswanto','0007621125',78,1),(2512,432819,'Sahrul Romadoni','0003171510',78,1),(2513,433261,'Sutardi','0011263237',78,1),(2514,433627,'Lailah Muzayyanah','0002228932',78,1),(2515,433632,'Siti Kumairoh','0000816360',78,1),(2516,433655,'Hani Nurlaila','0002318066',78,1),(2517,433690,'Khanifah','0002275006',78,1),(2518,433694,'Ninik Fatniyah','0002259330',78,1),(2519,433705,'Muchammad Asyari','0007711153',78,1),(2520,433711,'Muhammad Lutfi','0011342679',78,1),(2521,433918,'Abdul Aziz','0005047714',78,1),(2522,433932,'Iskandar','0011847605',78,1),(2523,433939,'Deli Ali Pratama','0008572007',78,1),(2524,434173,'Moh Slamet','0005161795',78,1),(2525,434315,'Fauzah Filzanah','0011315434',78,1),(2526,434331,'Difa Difiska Wulandari','0011315283',78,1),(2527,434345,'Qizmaul Aslamiah','0011294010',78,1),(2528,434349,'Rina Rusmiati','0007882829',78,1),(2529,435264,'Iflacha Laili Fauzia','0011388094',78,1),(2530,435267,'Dewi Awalia Putri E F','0011377649',78,1),(2531,435269,'Haris Jumadil','0011813434',78,1),(2532,435271,'Mukhammad Dikri Maulana','0011369261',78,1),(2533,435274,'Arik','0011388678',78,1),(2534,435275,'Dila Ristalia Ananda Putri','0011813517',78,1),(2535,435276,'Nopit','0011408783',78,1),(2536,435277,'Husnul Khotimah','0011404427',78,1),(2537,435279,'Shobahul Khoir','0011343327',78,1),(2538,435280,'Eka Nuro Apriyanti','0011390149',78,1),(2539,435283,'Mochammad Abdul Fajar','0011333066',78,1),(2540,435284,'Mohammad Khusnan','0011383588',78,1),(2541,435286,'Humrotin','0008582940',78,1),(2542,435287,'Ulfia Handayani','0011037002',78,1),(2543,435288,'Supriani','0011813432',78,1),(2544,435289,'Maslahah','0002233652',78,1),(2545,435290,'Purnomo Sutrisno','0002239012',78,1),(2546,435294,'Sutriyono','0001967463',78,1),(2547,435297,'Siti Nurlaila','0011037020',78,1),(2548,435298,'Dhea Fanlis Susanto','0011074426',78,1),(2549,435299,'Rusdiansyah','0008135267',78,1),(2550,435301,'Anta Maulana Akhmad','0011074436',78,1),(2551,435302,'Muhammad Hibah Tulloh','0011031298',78,1),(2552,435303,'Wiwik Ruswati','0011036942',78,1),(2553,435304,'Nanda Nur Faidin','0011074362',78,1),(2554,435305,'Sofiyah','0011813395',78,1),(2555,435384,'Riani','0011847592',78,1),(2556,435388,'Bahrul Fallah','0004136581',78,1),(2557,435389,'Saodah','0004117289',78,1),(2558,435390,'Fatkhur Rokhman','0004107383',78,1),(2559,435392,'Toyibah','0002016789',78,1),(2560,435393,'Abdurakhman Misbakhul Ikhsan Kammal','0004094450',78,1),(2561,435394,'Muhammad Dwi Joko Setiawan','0004109019',78,1),(2562,435399,'Nur Fitria','0004108043',78,1),(2563,435401,'M Rijal','0004107771',78,1),(2564,435402,'Heri Wahyudi','0004107746',78,1),(2565,435403,'Rosul','0004094403',78,1),(2566,435404,'Rifal Ansori','0004136598',78,1),(2567,435406,'Nur Bani Yusuf','0004094475',78,1),(2568,435407,'Nur Qutriyah','0004094552',78,1),(2569,435408,'Hamdan','0004089874',78,1),(2570,435410,'Arya Septya Zailudin','0004089871',78,1),(2571,435411,'Riamah','0004109032',78,1),(2572,435412,'Dewi Sarofah','0011017120',78,1),(2573,435413,'Susilo Handoyo','0011031819',78,1),(2574,435414,'Irfan','0011047941',78,1),(2575,435415,'Anita Rosmafianti','0011031845',78,1),(2576,435416,'Mukhammad Robi Hidayat','0004102551',78,1),(2577,435417,'Mukhammad Badrus Salam','0005414623',78,1),(2578,435418,'Faisal Akbar Tanjung','0011031784',78,1),(2579,435419,'Yetty Setia Ningsih','0011773222',78,1),(2580,435420,'Nurmiati','0007547306',78,1),(2581,435422,'Arfian Febriyanto','0011048030',78,1),(2582,435423,'Sirul Mufidah','0011047964',78,1),(2583,435424,'Prasetyo Yuwono','0011829723',78,1),(2584,435426,'Muhammad Gus Rofiq','0004107777',78,1),(2585,435427,'Solihatin','0004089767',78,1),(2586,435428,'Mohammad Basir','0004116698',78,1),(2587,435429,'Frengki Yola Fernanda','0004094425',78,1),(2588,435430,'Misbahul Munir','0004108975',78,1),(2589,435431,'Meliana','0004116729',78,1),(2590,435432,'Lilis Suryani','0011341528',78,1),(2591,435433,'Yeni Iswanti','0004109014',78,1),(2592,435434,'Bachrul Anam','0004108983',78,1),(2593,435436,'Mukhammad Nauval Baihaqi','0011281094',78,1),(2594,435437,'Winartin','0011281064',78,1),(2595,435438,'Titik Mujahroh','0004108579',78,1),(2596,435439,'Adi Cahya Ramadhani','0011813414',78,1),(2597,435442,'Mukhammad Ikhbal','0011073820',78,1),(2598,435443,'Anisa Shocibul Chasanah','0011364174',78,1),(2599,435444,'Moh Mujib','0004102528',78,1),(2600,435447,'Iqwan Afandi','0004148485',78,1),(2601,435448,'Suwanto','0002924635',78,1),(2602,435450,'Jefry Fentias Dally','0000758200',78,1),(2603,435451,'Bagas Saputra','0002278835',78,1),(2604,435452,'Sudimigi Fianto','0004146312',78,1),(2605,435453,'Hendri Ma arif','0004156027',78,1),(2606,435455,'Khusnul Khotimah','0004089876',78,1),(2607,435456,'Ronaldo Riko Polantino','0002260855',78,1),(2608,435457,'Muchammad Rizki Febriyanto','0002309239',78,1),(2609,435458,'Nur Fathur Rojak','0002262823',78,1),(2610,435483,'Mundir','0011263166',78,1),(2611,435484,'Yayuk Indana','0004094523',78,1),(2612,435485,'Moch Samsudin','0011333096',78,1),(2613,435486,'Kartikasari','0004156264',78,1),(2614,435487,'Pujiati','0002282545',78,1),(2615,435488,'Silvi Yulistia','0002260819',78,1),(2616,435489,'Tejo Adityo Utomo','0011281129',78,1),(2617,435490,'Sugiono','0002319175',78,1),(2618,435491,'Nurul Afidah','0000828492',78,1),(2619,435495,'Denny Nawangsih','0002260752',78,1),(2620,435498,'Rumani Widyastutik','0004109103',78,1),(2621,435500,'Erna Supiati','0011263176',78,1),(2622,435504,'Riski Septiawan Dwi Cahyo','0007567318',78,1),(2623,435505,'Diana','0011304682',78,1),(2624,435506,'Zahro','0004146311',78,1),(2625,435507,'Khumrotin','0011813478',78,1),(2626,435510,'Marlik','0011813455',78,1),(2627,435511,'Usrotul Hasanah','0002262733',78,1),(2628,435512,'Endang Cintami','0005228264',78,1),(2629,435514,'Mashuda','0002303500',78,1),(2630,435516,'Juma Ati','0004089846',78,1),(2631,435517,'Widji Prihatin','0004109054',78,1),(2632,435518,'Yeni Farida','0004174187',78,1),(2633,435520,'Winarti','0002303432',78,1),(2634,435522,'Zainul Arifin','0004103496',78,1),(2635,435524,'Meyta Perdanasari','0004171675',78,1),(2636,435528,'Lailatul Mubaroq','0002235835',78,1),(2637,435538,'Siti Khodijah','0011062979',78,1),(2638,435543,'Laila Chusnul Ramadhan','0011304712',78,1),(2639,435544,'Rumiyati','0011084152',78,1),(2640,435545,'Muhammad Misbahul Anwar','0011063044',78,1),(2641,435546,'Mei Rilia Suwandi','0011773583',78,1),(2642,435555,'Sutilah','0011066514',78,1),(2643,435559,'A Riyadatul Awalu Ramadhan','0004089941',78,1),(2644,435560,'Suharto','0002309361',78,1),(2645,435562,'Andika','0011813436',78,1),(2646,435563,'Chanim Lailiyah','0011000967',78,1),(2647,435565,'Sugeng Hariyanto','0002292150',78,1),(2648,435566,'Sulaiman Basri','0002309363',78,1),(2649,435569,'Muhammad Lanang Ragil Prastio','0002268665',78,1),(2650,435570,'Ika Indah Lestari','0002282667',78,1),(2651,435571,'Lia Apriliana','0002309213',78,1),(2652,435572,'Ali Shodikin','0011838493',78,1),(2653,435583,'Salima','0011389581',78,1),(2654,435585,'Masluchah','0008062555',78,1),(2655,435598,'Akmmad Samsudin','0011813527',78,1),(2656,435681,'Maulidah Isaroh','0011294130',78,1),(2657,436190,'Khosiin Ikrom','0002319720',78,1),(2658,436198,'Abdussalam','0002319547',78,1),(2659,436203,'Mujiono','0005066119',78,1),(2660,436204,'Moch Atok Prabowo','0005119374',78,1),(2661,436210,'Moch Maulana Syariffudin','0002294851',78,1),(2662,436214,'Muhammad Ichfadh Ulumudin','0002301927',78,1),(2663,436395,'Hasanah','0005395031',78,1),(2664,436396,'Pipit Azizah','0011308681',78,1),(2665,436399,'Lailatul Najilah','0011777023',78,1),(2666,436600,'Muhamad Irfan','0011911797',78,1),(2667,436607,'Ayu Safitri','0011915306',78,1),(2668,436654,'Achmad Saiful','0002243999',78,1),(2669,436657,'Debby Predita Natasya','0002244046',78,1),(2670,436659,'Mokh Zainuddin','0002316742',78,1),(2671,436664,'Asmaul Ruchaini','0011381833',78,1),(2672,436665,'Fitriya Dwi Presi Putri','0011382411',78,1),(2673,436666,'Khafifah','0011377159',78,1),(2674,436719,'Zainul Arifin','0008575982',78,1),(2675,436776,'Nurul Lailatul Qodriyah','0008575963',78,1),(2676,436973,'Amanda Putri Larasati','0007010518',78,1),(2677,436977,'Fadia Mutiara Putri','0006980724',78,1),(2678,436979,'Samrotul Fitria','0007355670',78,1),(2679,436980,'Devira Amelia','0008169292',78,1),(2680,436984,'Ananda Akbar Rizqi','0008140373',78,1),(2681,436985,'Ganistya Mareta Putri','0006974709',78,1),(2682,436987,'Danang Purnama','0008140035',78,1),(2683,436988,'Wahyun Ningsih','0007010186',78,1),(2684,436989,'Tika Puspita Sari Dewi Anggraini','0008169277',78,1),(2685,436994,'Moh Rizal Efendi','0006434479',78,1),(2686,437140,'Solehuddin','0008959159',78,1),(2687,437142,'Siti Sukaya','0008699805',78,1),(2688,437144,'Amanda Mariela','0002319059',78,1),(2689,437316,'M Yahya','0007025508',78,1),(2690,437318,'M Febriansah','0002314351',78,1),(2691,437320,'Dandi Kurniawan','0002314891',78,1),(2692,437321,'Muchamad Fiqih Fitrah','0002294386',78,1),(2693,0,'','',78,1),(2694,437325,'Moch Abdul Ghofur','0002295812',78,1),(2695,437326,'Galih Pristiwanto','0002294059',78,1),(2696,437327,'Ainul Rohman','0002282652',78,1),(2697,437329,'Mukhammad Surya Lesmana','0002294060',78,1),(2698,437344,'Zaenal Abidin','0000770899',78,1),(2699,437348,'Mukhammad Rizal','0002250600',78,1),(2700,437349,'Maimun Najib','0002248195',78,1),(2701,428945,'ANDINI','0006560735',78,1),(2702,428611,'SYUHADA NASRULLAH','0005131199',78,1),(2703,438060,'Daniel Ardiansyah','0008647505',51,1),(2704,438051,'Ika Nur Aini','0005052132',51,1),(2705,438052,'Anggit Nur A','0005064634',51,1),(2706,438061,'Qurrota A Yun','0008647440',51,1),(2707,438057,'Ruspandi','0008647763',51,1),(2708,438059,'Ahmad Buaji','0008647742',51,1),(2709,438050,'Sunarti','0005051178',51,1),(2710,438054,'Ahmad riadani','0005065716',51,1),(2711,438055,'Muhammad Alfian','0008647482',51,1),(2712,428842,'KHUSNUL ROBIDAH','0003016772',78,1),(2713,437798,'GLADI P','0008138630',78,1),(2714,436312,'SITI SOFIA','0011773225',78,1),(2715,421645,'M FAISAL HAFIS','0006373406',78,1),(2716,430329,'Amelia Nera','0000021819',78,1),(2717,438053,'Anggit Nur','0005065012',51,1),(2718,437161,'Abd Malik Ibrahim','0002283569',78,1),(2719,438062,'IRA ANDRIANA','0005139654',51,1),(2720,438063,'MASRUFAH','0005141350',51,1),(2721,438065,'HUSNUL LAILI','0005138514',51,1),(2722,438064,'NURIS WAHYUNI','0005139655',51,1),(2723,438066,'EKA PUTRI NUR S','0008688999',51,1),(2724,438067,'PINKA AGUSTIN','0008688936',51,1),(2725,0,'','',40,0),(2726,437500,'Erlinda Setyo Agustin','0007916091',40,0),(2727,428603,'KASWANTO','0008704876',78,1),(2728,437255,'Dewi Markhumah','0002236075',40,0),(2729,437323,'AGUS SISWANTO','0002294346',78,1),(2730,438195,'NUR LAILATUL KHOIRIYAH','0008652298',51,1),(2731,438224,'A MABRURI SIDIQUL AMIN','0002159251',51,1),(2732,438279,'SANIMATUS ZAHRO','0002159228',51,1),(2733,438280,'KURRI AINI','0002159990',51,1),(2734,438272,'KHORIDATUL ISLAMIYAH','0007503020',51,1),(2735,438275,'TRI MEITA W','0002131049',51,1),(2736,438276,'RENNI FAUL AWWALIA','0007547100',51,1),(2737,438274,'IZZA WARDA A','0007621169',51,1),(2738,438273,'SEPTIANI ALSARIN','0005103427',51,1),(2739,438278,'PUPUT RUSGIATI','0007846656',51,1),(2740,438271,'DINA FITRIYAH','0002130310',51,1),(2741,437129,'M.Akhfandi','0008943960',40,1),(2742,379045,'Khoiri Umatin','0006676644',52,1),(2743,379082,'Suliasih','0007656727',52,1),(2744,379164,'Kartini','0008364429',52,1),(2745,379774,'Tatik Mulyati','0008940601',52,1),(2746,379781,'Sapekya','0009504803',52,1),(2747,380015,'Nur Ikhwan','0008916091',52,1),(2748,14067,'Wahib','0005047515',52,1),(2749,20053,'Rika Yuliarti','0007663308',52,1),(2750,280014,'Patmiati','0006977079',52,1),(2751,280023,'Sulastri','0007038465',52,1),(2752,280052,'Supiyah','0008962272',52,1),(2753,280064,'Warsih','0008778454',52,1),(2754,330001,'Atnati','0004701687',52,1),(2755,330011,'Satupa','0008962273',52,1),(2756,350102,'Iin Indasari','0008633864',52,1),(2757,360007,'T u m i','0007772897',52,1),(2758,370014,'Kalimah','0007604976',52,1),(2759,370023,'Dama','0007977107',52,1),(2760,370057,'Suparlin','0007837945',52,1),(2761,371562,'Dari Nurjanah','0008951173',52,1),(2762,371848,'Al Qur atiningsih','0012033592',52,1),(2763,372920,'Siti Munawaroh','0005366729',52,1),(2764,373038,'Sri Umani','0008510887',52,1),(2765,373039,'Sulasmi','0007785966',52,1),(2766,373041,'Suyati','0008657146',52,1),(2767,373470,'Retno Sri W','0005179970',52,1),(2768,373476,'Harmiati','0006386208',52,1),(2769,373731,'Rumiyati','0006432309',52,1),(2770,373812,'Siti Aisyah','0008188653',52,1),(2771,374201,'Suwita','0013688521',52,1),(2772,375105,'Luluk Aminah','0007680397',52,1),(2773,376933,'Asiya','0007677439',52,1),(2774,377237,'Nasripah','0011602583',52,1),(2775,378169,'Astutik','0008340139',52,1),(2776,380390,'Supriyati','0008190833',52,1),(2777,381354,'Mariyani','0007967203',52,1),(2778,381468,'Yuliyatin','0008935844',52,1),(2779,381572,'Suliati','0007782199',52,1),(2780,382015,'Satrik','0000766278',52,1),(2781,382178,'Saroji','0001328175',52,1),(2782,384392,'Astutik','0008252461',52,1),(2783,385181,'Kasening','0013771525',52,1),(2784,385334,'Susianah','0008252232',52,1),(2785,385369,'Kusmiati','0002237667',52,1),(2786,385926,'Siti Muslikha','0009069148',52,1),(2787,386015,'Handayani','0006388773',52,1),(2788,386544,'Jumiati','0007679045',52,1),(2789,387373,'Abdulloh','0009153119',52,1),(2790,389193,'Kiswanto','0002766859',52,1),(2791,389409,'Salima','0014026573',52,1),(2792,389533,'M. Syofik','0007401754',52,1),(2793,389596,'Adi Sunarto','0008179507',52,1),(2794,389711,'Achmad Mubawon','0004603149',52,1),(2795,389872,'Siti Sholikah','0005726330',52,1),(2796,389876,'Wariati','0005251208',52,1),(2797,390022,'Adi Prayogo','0002294786',52,1),(2798,390326,'Mafudi Tri Irawanto','0000591598',52,1),(2799,390783,'Sutik','0008157103',52,1),(2800,391807,'Misyono','0007044210',52,1),(2801,392088,'Evi Suciati','0007601493',52,1),(2802,392354,'Nikmatul Faujiyah','0009285533',52,1),(2803,392399,'Wasiana','0008940294',52,1),(2804,392433,'Sujarwati','0007637054',52,1),(2805,393474,'Fitriyah','0006720436',52,1),(2806,393736,'Nur Aini','0006471505',52,1),(2807,394352,'Soliha','0011571815',52,1),(2808,394525,'Naimah','0008266406',52,1),(2809,395711,'Ulum','0011294069',52,1),(2810,395883,'Istikharoh','0000015228',52,1),(2811,395935,'Safitri W.','0008934259',52,1),(2812,396362,'Suwarni','0011605922',52,1),(2813,396427,'Adi Totok','0003646213',52,1),(2814,396738,'Zubaidah','0008107829',52,1),(2815,396752,'Rosul Elfariz','0003829636',52,1),(2816,397219,'Niswatul Khasanah','0013324335',52,1),(2817,397221,'Sulastri','0007671454',52,1),(2818,397471,'Riduwan','0002290761',52,1),(2819,397521,'Thomas Shifrans Kusfanzono','0008578286',52,1),(2820,397738,'Muh Indra Putra Eka Jaya','0000038451',52,1),(2821,397963,'Bobby Kurniawan','0000353976',52,1),(2822,397981,'Bahrul Ulum','0011319692',52,1),(2823,399107,'Siti Lutfiyah','0008022483',52,1),(2824,399258,'Halimah','0006422767',52,1),(2825,399546,'M Husni Mubarok','0014085718',52,1),(2826,399657,'Sayonara','0006338846',52,1),(2827,400477,'Sulaiman','0011320335',52,1),(2828,400558,'Asianah','0008968472',52,1),(2829,400622,'Suparti','0009170534',52,1),(2830,400753,'Ach Shodiqin','0007680002',52,1),(2831,401037,'Tjatur Budihandayani','0013748433',52,1),(2832,401043,'Riyati','0006495372',52,1),(2833,401353,'Muhammad Sodikin','0007069795',52,1),(2834,401510,'Roni Nere','0011599074',52,1),(2835,401980,'Sumanto','0008022641',52,1),(2836,402193,'Memet Budi S','0013700795',52,1),(2837,403388,'Nur Fitriyah','0008022438',52,1),(2838,403803,'Jumaidah','0006544382',52,1),(2839,404083,'Djazula','0000214125',52,1),(2840,404539,'Roicha','0007794422',52,1),(2841,405181,'Nasruni','0002755132',52,1),(2842,405398,'Suci Dwi Purnama A','0008011200',52,1),(2843,405430,'Iis Khasanah','0002726918',52,1),(2844,405460,'Khuriyati','0007377696',52,1),(2845,405925,'Sely Wiga Putri','0002296202',52,1),(2846,406132,'Wahyu Sri Utami','0008703050',52,1),(2847,407173,'Arni Tri Astuti','0011604320',52,1),(2848,408406,'Mutmainnatul Hidayah','0014086556',52,1),(2849,408914,'Rukmini','0003026401',52,1),(2850,409389,'Kumihanik','0008279290',52,1),(2851,409449,'Amaniyah','0009218562',52,1),(2852,409631,'Sunariyah','0007697724',52,1),(2853,409685,'Chumaidah','0006716379',52,1),(2854,409687,'Lilik Pujiati','0002302545',52,1),(2855,409704,'Lasmina','0016318622',52,1),(2856,409726,'Sumakyah','0007846820',52,1),(2857,409770,'Pujiati Ningsih','0013416130',52,1),(2858,409924,'Anik Suharini','0008166940',52,1),(2859,410271,'Dewi Mufidatul I','0002469260',52,1),(2860,411030,'Akhmad Yani','0007217078',52,1),(2861,411379,'Nurul Hadi','0007790560',52,1),(2862,412484,'Farida','0011007177',52,1),(2863,412741,'Januri','0008174215',52,1),(2864,413284,'Siti Afidah','0008169329',52,1),(2865,413286,'Musria','0012299191',52,1),(2866,413542,'Samrotul Fuat','0009234962',52,1),(2867,413580,'Uki Dodot Febrianto','0014142748',52,1),(2868,413642,'Sudartik','0007655811',52,1),(2869,414474,'Evie Zanova','0008951048',52,1),(2870,414475,'Lilis Farida','0011605190',52,1),(2871,414708,'Niak kurniawan','0006636363',52,1),(2872,415754,'M. Fani Fatkhur Rokhman','0006699202',52,1),(2873,415788,'Nyuweti','0008194728',52,1),(2874,415920,'Desi Arifani','0006311904',52,1),(2875,415940,'Dewi Kusniawati','0004060206',52,1),(2876,416205,'Ulfa','0006656447',52,1),(2877,416304,'Sri Winarsih','0007740985',52,1),(2878,417245,'Mahrus','0007710709',52,1),(2879,417437,'Aprillia Esti Indarti','0002297322',52,1),(2880,417936,'Suaifah','0007056565',52,1),(2881,417959,'Dwi Ardiyanto','0011773501',52,1),(2882,418149,'Siti Humaidah','0004603124',52,1),(2883,418224,'Nova Indriawati','0008941490',52,1),(2884,418227,'Juariyah','0011593682',52,1),(2885,418707,'Hadi Iswanto','0009224378',52,1),(2886,418986,'M.Lutfillah','0014096510',52,1),(2887,420437,'Abdul Samali','0013602754',52,1),(2888,420480,'Hanik','0014110557',52,1),(2889,420633,'Muhammada Subhan','0008238831',52,1),(2890,420717,'Setiawan Jodi','0002752035',52,1),(2891,420776,'Khoiril Anam','0000461890',52,1),(2892,421190,'Kasiani','0008714214',52,1),(2893,421403,'Angga Adi Susanto','0009092934',52,1),(2894,421437,'Eliya Fitri','0008938651',52,1),(2895,421499,'Fitriyah','0000343173',52,1),(2896,421645,'Muhammad Faizal Hafis','0006373406',52,1),(2897,422661,'Alda Novira Sagita Indah Rahmawati','0008081330',52,1),(2898,423733,'Jatmiko','0009150343',52,1),(2899,426827,'Mahrobi','0007083718',52,1),(2900,426929,'Tazya Nur Aulia','0002469347',52,1),(2901,426953,'Mukhammad Ainur Rofiq','0007216886',52,1),(2902,427120,'Ilham Akbar','0009069651',52,1),(2903,427228,'Muhammad Shulbi Ash Shiddiqi','0001849603',52,1),(2904,427272,'Aunur Rofiq','0004773779',52,1),(2905,427273,'Rizqi Rahmad Hidayat','0000105603',52,1),(2906,427275,'Dicky Sofyan Eri Santoso','0000090323',52,1),(2907,427289,'Taufikur Rahmad Ramadani','0000355484',52,1),(2908,427407,'M Ridwan','0008423264',52,1),(2909,427408,'Abd Hasan','0008371205',52,1),(2910,427409,'Umar Al Fandi','0008734517',52,1),(2911,427496,'M Rifai','0000440756',52,1),(2912,428010,'Lukman Hakim','0008023651',52,1),(2913,428421,'Umrotul Khasanah','0000057297',52,1),(2914,428785,'Akhmad Yusup','0007911340',52,1),(2915,428842,'Khusnul Robidah','0008166630',52,1),(2916,428870,'Mohammad Bayu Isfajar','0007740561',52,1),(2917,428872,'Riki Hendra Wantoro','0008023255',52,1),(2918,428875,'Siti Aisyah','0008263711',52,1),(2919,429019,'Marcela Ravel Margareta','0008121569',52,1),(2920,429120,'Lukman','0006387094',52,1),(2921,429176,'Putri Dwi Hani Sabila','0009356911',52,1),(2922,429214,'Nur Intan Ratnasari','0008119691',52,1),(2923,429235,'Abdur Rofiq','0011883215',52,1),(2924,429344,'Niswatul Lailiah','0009503196',52,1),(2925,429560,'Ahmad Buhori','0009464574',52,1),(2926,430280,'Achmad Bahtiar Hamzah','0008046777',52,1),(2927,430377,'Mohammad Fahrudin Arozi','0000122822',52,1),(2928,430456,'Mashudi','0012221689',52,1),(2929,430462,'M Yusuf Desmawan','0008065867',52,1),(2930,430511,'Sugianto','0009322549',52,1),(2931,430551,'Muhammad Afif Muzaki','0008020151',52,1),(2932,430615,'Amin','0012017652',52,1),(2933,430619,'M Dwi Dika','0009500042',52,1),(2934,430748,'Abd Haiyi','0008387856',52,1),(2935,430823,'Lisa Fatmasari','0012875724',52,1),(2936,430846,'Muhamad Hanif Bakhtiar','0007411433',52,1),(2937,430847,'Deddy Octavianto','0007355433',52,1),(2938,430848,'Ria Monali Fatah','0007402273',52,1),(2939,430850,'Nur Azizah','0012190820',52,1),(2940,430852,'Isna Rahmawati','0012438329',52,1),(2941,430936,'Januar Prasandi','0002233296',52,1),(2942,430939,'Untung Sulistyono','0012237794',52,1),(2943,430972,'Luluk Firnama','0007456623',52,1),(2944,431006,'Akhmad Siswantoro','0002302516',52,1),(2945,431106,'Selviana Nina Padaka','0012050647',52,1),(2946,431268,'Laila','0012028033',52,1),(2947,431275,'Moch Sahrul Hidayatulloh','0008046824',52,1),(2948,431278,'M Hakkan Sukur','0011990841',52,1),(2949,431280,'Deny Dwi Ananda','0007601283',52,1),(2950,431296,'Sofia Widina Putri','0011983428',52,1),(2951,431299,'Aris Wahyudi','0007354910',52,1),(2952,431312,'Muhammad Yahya Efendi','0012050824',52,1),(2953,431315,'Novi Fauziyah','0011978309',52,1),(2954,431340,'Yayuk Della Tri Rahmawati','0012033019',52,1),(2955,431365,'Zaenal Abidin','0012007753',52,1),(2956,431522,'Ryka Febby Any','0011263190',52,1),(2957,431528,'Moch Samsul Arifin','0007529407',52,1),(2958,431689,'Puteri Mustikasari Suherman','0008610604',52,1),(2959,431694,'Hilmi Maulana Putra','0007606570',52,1),(2960,431743,'Arif Rahmat Kurniawan','0007366501',52,1),(2961,431747,'M Lukman Hakim','0005153090',52,1),(2962,431842,'Khomariatul Mutmainah','0012056825',52,1),(2963,431936,'Faisal Ramayanda','0007222107',52,1),(2964,432097,'Indra Dwi Prasetyo','0008053984',52,1),(2965,432098,'Muhammad Adi Dia','0007366072',52,1),(2966,432134,'Itbaul Aulah','0004099955',52,1),(2967,432182,'Muhammad Basori','0007353391',52,1),(2968,432183,'M Sobihul Asror','0002914224',52,1),(2969,432184,'Mokhammad Maruf','0002294327',52,1),(2970,432255,'Kartini','0007990120',52,1),(2971,432300,'Bagus Widodo','0005606703',52,1),(2972,432325,'M Khadir','0008016859',52,1),(2973,432331,'Slamet Budiono','0007457999',52,1),(2974,432366,'Irfan Khamid','0012339670',52,1),(2975,432372,'Dimas Harianto','0012052492',52,1),(2976,432388,'Vega Ayu Ameliya','0003195588',52,1),(2977,432524,'Abdur Rochman','0008695427',52,1),(2978,432604,'Anisa Widhyhastuti','0009962069',52,1),(2979,432607,'Tazya Ismala','0009968661',52,1),(2980,432608,'Acik Andriani','0008124504',52,1),(2981,432711,'Lita Agusfiani','0011842305',52,1),(2982,432773,'Wahyu Adi Wahono','0003187991',52,1),(2983,432784,'Muchammad Samiono','0003197170',52,1),(2984,432893,'M Lukman Khakim','0009049049',52,1),(2985,432919,'Siska Anggraini','0009958289',52,1),(2986,432934,'Siti Umi Latifah','0007033539',52,1),(2987,432938,'Dinda Anggraini Putriadi','0009038698',52,1),(2988,432958,'Khamim','0005499170',52,1),(2989,432965,'Fendik Harianto','0011282452',52,1),(2990,432992,'Muhammad Dofir','0011767893',52,1),(2991,433022,'Eko Sunardi','0000800842',52,1),(2992,433202,'Nuriati','0002891864',52,1),(2993,433207,'Muzah Rofa','0011853872',52,1),(2994,433208,'Muslikhah','0002271478',52,1),(2995,433217,'Siti Khotima','0007712644',52,1),(2996,433253,'Rokik Widiarto','0000809855',52,1),(2997,433256,'Choirul Fitrianto','0000815837',52,1),(2998,433422,'Wiwin Noviantika','0002283895',52,1),(2999,433430,'Bagus Setiawan','0001968482',52,1),(3000,433448,'Nur Irawan','0007673461',52,1),(3001,433454,'Tri Bakti Coban Mulyo','0002289706',52,1),(3002,433463,'Saiful Bahri','0002238866',52,1),(3003,433468,'Mustaen','0002262827',52,1),(3004,433473,'Muhammad Fathur Rozaq','0001630900',52,1),(3005,433489,'Abd Muis Saputra','0002260008',52,1),(3006,433492,'Salimah','0011359900',52,1),(3007,433500,'Febriyanti Nur Ilmi','0002275540',52,1),(3008,433501,'Shinta Dewi Sekar Melati','0008702975',52,1),(3009,433503,'Muhammad Nabiul Umam','0002303515',52,1),(3010,433513,'Nawawi','0002244036',52,1),(3011,433517,'Jumiati','0008125100',52,1),(3012,433523,'Rizqiyah','0011831741',52,1),(3013,433525,'Dewi Christiningrum','0002294132',52,1),(3014,433532,'Muhammad Amirullah','0002239058',52,1),(3015,433546,'Siti Natalia Angraeni','0002239056',52,1),(3016,433558,'Devitasari Eksa Agustin','0011282540',52,1),(3017,433560,'Listinah','0007434083',52,1),(3018,433587,'Divani Rizvy Shynta','0002319048',52,1),(3019,433589,'Hilda Anastasya','0000830988',52,1),(3020,433611,'Yanuar Retno Windari','0002228827',52,1),(3021,433714,'Fina Nuraini','0002269624',52,1),(3022,433739,'Fauzi Mahfuz','0000798645',52,1),(3023,433752,'Mochammad Nasrudin','0002260073',52,1),(3024,433753,'Sholichatul Ilmi','0002282547',52,1),(3025,433869,'Santi Asih','0007326691',52,1),(3026,433875,'Yulianto Syaiful Rochman','0008540809',52,1),(3027,433897,'Agus Efendi','0011776590',52,1),(3028,434026,'Eni Susilowati','0011768339',52,1),(3029,434028,'Muhammad Muzaqi','0011078841',52,1),(3030,434029,'Abdul Rahman','0007429119',52,1),(3031,434031,'Tigana Asih Bellanita','0011820565',52,1),(3032,434202,'Reka Wahyudi','0011773788',52,1),(3033,434342,'Anis Mufaridah','0011257025',52,1),(3034,434658,'Robiatul Mufarrihah','0005607484',52,1),(3035,434729,'Selfi Wulandari','0011847613',52,1),(3036,434754,'Ainur Rofik','0011074899',52,1),(3037,434774,'Dhini Putri Yuliawati','0011037050',52,1),(3038,434781,'Abdul Wahid Gufron','0011084094',52,1),(3039,434793,'Rohman','0011847670',52,1),(3040,434887,'Qabib Dewa Anugrah','0002249889',52,1),(3041,434905,'Leliana Saraswati','0002287989',52,1),(3042,435006,'Puri Indah Rahayu','0011256197',52,1),(3043,435009,'Sehrotun Nisa','0011084186',52,1),(3044,435010,'Suliani','0011031789',52,1),(3045,435061,'Hendrik','0002908700',52,1),(3046,435064,'Ahmad Alfares Ghozali','0002917615',52,1),(3047,435074,'Abd Hakim','0011263234',52,1),(3048,435100,'Ida Faridah','0008709568',52,1),(3049,435255,'Dian Wahyu Lestari','0002236080',52,1),(3050,435260,'Khosidah','0001968530',52,1),(3051,435273,'Solikhah','0011388098',52,1),(3052,435309,'Rokhmat Syamsudin','0001970311',52,1),(3053,435310,'Holila','0000764222',52,1),(3054,435311,'Solicha','0001969817',52,1),(3055,435312,'Mahmuda','0001969818',52,1),(3056,435314,'Leny Mauludya','0002038464',52,1),(3057,435315,'Sampirni Maiwaroh','0002037281',52,1),(3058,435316,'Suliha','0002018312',52,1),(3059,435317,'Akhadiyah','0002888186',52,1),(3060,435318,'Robiatun Adawiyah','0002018317',52,1),(3061,435319,'Anik Maryana','0011281076',52,1),(3062,435320,'Eldha Yuniati','0004107268',52,1),(3063,435321,'Indah Laili Mardiana','0002233249',52,1),(3064,435322,'Rusmiyati','0011263197',52,1),(3065,435323,'Lilik Latifah','0002030155',52,1),(3066,435324,'Anis','0007692752',52,1),(3067,435325,'Ermayani','0002233254',52,1),(3068,435326,'Ella Ika Widiyanti','0002038228',52,1),(3069,435328,'Maria Ulfah','0002041423',52,1),(3070,435329,'Yatimah','0011062409',52,1),(3071,435330,'Rianah','0004103517',52,1),(3072,435332,'Bahrul Ulum','0004107770',52,1),(3073,435333,'Sukiyaji','0002037979',52,1),(3074,435334,'Mukhammad Fatkhur Rozi','0004102494',52,1),(3075,435336,'Abdul Rohman Wahid','0002038280',52,1),(3076,435337,'Agus Wahyudi','0002038287',52,1),(3077,435340,'Pujiono','0002298708',52,1),(3078,435341,'Ziriyani','0004107263',52,1),(3079,435342,'M Saiful Anwar','0002298713',52,1),(3080,435343,'Imam Safii','0002236168',52,1),(3081,435344,'Akhmad Wildan','0002236169',52,1),(3082,435345,'Taufiqur Rohman','0002236154',52,1),(3083,435347,'Ach Adi Aliman','0011847871',52,1),(3084,435348,'Ittaqi Mahfuzi Asyari','0011813382',52,1),(3085,435349,'Harianto','0011016964',52,1),(3086,435351,'Achmad Muzayyin','0011048000',52,1),(3087,435353,'Samsul Hadi','0002298630',52,1),(3088,435354,'Muhammad Son Haji','0011417911',52,1),(3089,435356,'Lailatul Qomariyah','0011813411',52,1),(3090,435357,'Nur Ida','0011870536',52,1),(3091,435358,'Siti Aisyah','0011013947',52,1),(3092,435360,'Musrifah','0011773719',52,1),(3093,435361,'Anita Handayani','0002233285',52,1),(3094,435362,'Nuri Ermawati','0001951526',52,1),(3095,435363,'Bawon','0002016795',52,1),(3096,435364,'Sri Amanah','0001990885',52,1),(3097,435365,'Anik Mujayanah','0002016774',52,1),(3098,435366,'Kartini','0001938090',52,1),(3099,435367,'Darsih','0011057674',52,1),(3100,435368,'Dewi Lestari','0001938085',52,1),(3101,435369,'Luluk Maisaroh','0004147079',52,1),(3102,435371,'Etik Hamimah','0011273402',52,1),(3103,435372,'Elviah Waningsih','0011411663',52,1),(3104,435378,'Rodiana','0004156056',52,1),(3105,435379,'Siska Astrianda','0004148495',52,1),(3106,435380,'Wagianti','0004109061',52,1),(3107,435381,'Henny Purwani','0011365601',52,1),(3108,435386,'Yayuk Susiani','0004136228',52,1),(3109,435387,'Lilik Widayanti','0011773622',52,1),(3110,435461,'Abdul Sahid','0002260842',52,1),(3111,435463,'Bagus Tri Hariyono','0011319641',52,1),(3112,435464,'Eny Hariyani','0011354778',52,1),(3113,435465,'Gatot Imam Suhadi','0004136245',52,1),(3114,435466,'Imam Rofi i','0002932920',52,1),(3115,435467,'Lilis Setiyowati','0004117575',52,1),(3116,435468,'Muhamad Ainun Najib','0011263295',52,1),(3117,435469,'M Haqqun Rahmatullah','0011871186',52,1),(3118,435470,'Moch Hasan Syaiful Rizal','0011813489',52,1),(3119,435471,'Mohamad Rizal Prasetino','0002309340',52,1),(3120,435472,'Muhammad Ramadani','0002260758',52,1),(3121,435475,'Nyawiji Ngesti Ramadhani','0011396720',52,1),(3122,435476,'Nasliha','0011813442',52,1),(3123,435477,'Siti Aisah','0004107536',52,1),(3124,435478,'Sri Wulandari','0002260843',52,1),(3125,435479,'Sulaiman','0002319110',52,1),(3126,435480,'Taufiq','0004102558',52,1),(3127,435481,'Wahyuni','0011273437',52,1),(3128,435525,'Faridah','0011078433',52,1),(3129,435526,'Darlik','0011384918',52,1),(3130,435548,'Siti Arodah','0011773837',52,1),(3131,435549,'Mujiati','0002282666',52,1),(3132,435550,'Siani','0011773509',52,1),(3133,435574,'Arief Mandala Putra','0011062927',52,1),(3134,435575,'Siti Aminah','0011066429',52,1),(3135,435576,'Sri Wahyuni','0011033348',52,1),(3136,435577,'Sutina','0011330107',52,1),(3137,435605,'Mistachul Aliyah','0002319328',52,1),(3138,435616,'Fajri Bunga Sakinah','0002303145',52,1),(3139,435618,'M Sholehuddin','0002303492',52,1),(3140,435619,'Anwar Fuadi','0002268662',52,1),(3141,435630,'Adje Darmawan S T','0011813483',52,1),(3142,435647,'Zulianah','0011336210',52,1),(3143,435657,'Lukman Hadi','0011319232',52,1),(3144,435668,'Andri Setia Budi','0011818363',52,1),(3145,435671,'Wulan Restu Adi Pramitasari','0011930584',52,1),(3146,435674,'Mochamad Nurul Mustaqim','0000781030',52,1),(3147,435679,'Efri Ariansyah','0002289701',52,1),(3148,435685,'Masrurotul Aini','0002258966',52,1),(3149,435696,'Kus Rahmawanti','0002289704',52,1),(3150,435701,'Hasanuddin','0011326818',52,1),(3151,435707,'Afridah Liya','0011271531',52,1),(3152,435716,'Bagus Prastyo','0002274819',52,1),(3153,435791,'Lina Anggraeni','0002261802',52,1),(3154,435833,'Moch Aris Ramadani','0011275444',52,1),(3155,435935,'Uswatun Hasanah','0002236133',52,1),(3156,435949,'Samsul Rizal Hasan Hidayatullah','0004119720',52,1),(3157,435960,'Abd Mudim','0011848670',52,1),(3158,435961,'M Brian Cahyanto','0011282510',52,1),(3159,435965,'Sri Astutik','0011823256',52,1),(3160,436127,'Chinthia Ayu Ferlita','0002238856',52,1),(3161,436135,'Bagas Apriliyah','0000802799',52,1),(3162,436137,'Mulianah','0002289689',52,1),(3163,436149,'Eni Widyaningsih','0004091328',52,1),(3164,436155,'Naning Afiyah','0002288007',52,1),(3165,436160,'Dhyah Ayu Maisaroh','0008771969',52,1),(3166,436202,'Rohmad Riza Zakaria','0005728041',52,1),(3167,436218,'Riski Setyawan','0000810729',52,1),(3168,436226,'Mujiana','0002229249',52,1),(3169,436227,'Novita Sari','0002301926',52,1),(3170,436245,'Susi Roaidah','0008567674',52,1),(3171,436246,'Sucik Wulan Dari','0008563645',52,1),(3172,436260,'Iqrok Muhammad Zaenal Arifin','0007342778',52,1),(3173,436263,'Erik Maulana','0008153681',52,1),(3174,436267,'Alfan Nur Ihsan','0005326720',52,1),(3175,436268,'Hosen','0005403821',52,1),(3176,436269,'Ifang Yunindra','0008647744',52,1),(3177,436270,'Siti Nur Isnaini','0005404059',52,1),(3178,436271,'Ach Teguh Santoso','0005409646',52,1),(3179,436273,'Ervan Kurdiantoro','0005326679',52,1),(3180,436286,'Siti Miftakhul Jannah','0005060245',52,1),(3181,436299,'Tamami','0008771964',52,1),(3182,436301,'Dwi Agustina','0008694101',52,1),(3183,436321,'M Dwiko Fajar Fitranto','0011838561',52,1),(3184,436343,'Abidatul Illiyah','0011774126',52,1),(3185,436374,'Lailil Annarisa','0011765250',52,1),(3186,436377,'M Hidayatulloh','0011773683',52,1),(3187,436519,'Sutin','0002887035',52,1),(3188,436594,'Mukhamad Nur Hasan','0011034163',52,1),(3189,436596,'Yunis Fitriyah','0011928190',52,1),(3190,436601,'Muchammad Syahrizal Fahmirudin','0011925752',52,1),(3191,436603,'Fendi Irawan','0011923583',52,1),(3192,436604,'Alun Kurniawan','0011074495',52,1),(3193,436631,'Deni Iswantoro','0011374225',52,1),(3194,436640,'Hatta Surya Wijaya','0011382327',52,1),(3195,436645,'Mohammad Husni Ramadhoni','0011376490',52,1),(3196,436650,'Muhammad Ridwan Khamdani','0011368289',52,1),(3197,436652,'Priyo Wibowo','0011080173',52,1),(3198,436662,'Mochammad Syaifuddin','0002319039',52,1),(3199,436674,'Siti Syamsiah Nuryani','0011853574',52,1),(3200,436676,'Novia Eka Puspita Sari','0011041277',52,1),(3201,436682,'Rima Fitriani','0011041322',52,1),(3202,436683,'Suriyanah','0005131982',52,1),(3203,436685,'Khumaiyah','0011358933',52,1),(3204,436687,'Johan Prahmana','0007054726',52,1),(3205,436693,'Siti Aisa','0005122734',52,1),(3206,436701,'Ratna Hidayati','0011378484',52,1),(3207,436702,'Endik Bramadi','0008559569',52,1),(3208,436706,'Achmad Nizar','0011355704',52,1),(3209,436710,'Erna Yuli Yanti','0005116076',52,1),(3210,436712,'Nanang Nardianto','0008575231',52,1),(3211,436722,'Regi Herlianto','0008583021',52,1),(3212,436725,'M Mauludin','0008582156',52,1),(3213,436733,'Ainun Zahriah','0008389497',52,1),(3214,436734,'Pujiati','0008389313',52,1),(3215,436736,'Lailatul Mutohharoh Asy Ari','0005107795',52,1),(3216,436747,'Helen Anatasya Puteri','0005124803',52,1),(3217,436755,'Nurul Mubin','0011861463',52,1),(3218,436761,'Mukhamad Syaifur Rochman Fikri','0008678784',52,1),(3219,436765,'Muhammad Revinanda Prasetya','0008620805',52,1),(3220,436767,'Maqdum Maghrobi','0008613065',52,1),(3221,436774,'Saiful Bahri','0008583234',52,1),(3222,436783,'Abrahim Malif','0006980743',52,1),(3223,436785,'Faisal Abdillah','0008021848',52,1),(3224,436786,'Wahyu Hadi Saputra','0007785979',52,1),(3225,436794,'Fatimatuz Zahroh','0008088699',52,1),(3226,436798,'Nina Isma Endah','0007987048',52,1),(3227,436802,'Febi Wahyu Hidayat','0005228154',52,1),(3228,436803,'Danik Julianto','0005228456',52,1),(3229,436807,'Mukhamad Taufikurrokhman','0008088633',52,1),(3230,436808,'Ulan Febrianti','0008081478',52,1),(3231,436809,'Misbahul Munir','0008082667',52,1),(3232,436839,'Wisyamuzzuhri','0008103300',52,1),(3233,436865,'Lutfiyah','0007986988',52,1),(3234,436867,'Ike Yulia Saputri','0008073992',52,1),(3235,436870,'Hesty Yunitasari','0008074096',52,1),(3236,436872,'Muhammad Nailul Murod','0008109605',52,1),(3237,436873,'Yuniar Anastasya','0005470538',52,1),(3238,436893,'Shohibul Anam','0008124236',52,1),(3239,436896,'Sutrini','0008124171',52,1),(3240,436899,'Mujab Mukhamad Almachy','0007051415',52,1),(3241,436900,'Rian Ardiansyah','0008137790',52,1),(3242,436930,'Arditya Yehezkiel Kusumo','0007051561',52,1),(3243,436931,'Muhammad Uston Nawawi','0007692811',52,1),(3244,436933,'Efit Harfianto','0008482382',52,1),(3245,436936,'Nikmatus Sakdiyah','0006974626',52,1),(3246,436955,'Widayati','0006426072',52,1),(3247,436956,'M Arif Abdillah','0002688492',52,1),(3248,436960,'Mustofa','0007881905',52,1),(3249,436962,'Siti Lailatul Fitria','0008043320',52,1),(3250,436963,'Susanti','0008141185',52,1),(3251,436965,'Dadang Dwi Hartanto','0008141248',52,1),(3252,436968,'Muzammil','0008044575',52,1),(3253,436974,'Mufidatul Yuni Lestary','0008147540',52,1),(3254,437013,'Muhammad Ragil Septian','0012838086',52,1),(3255,437019,'Ubay Dillah','0007690843',52,1),(3256,437022,'Raihan Ahmad Shubuqi','0008022492',52,1),(3257,437147,'M Faizin','0007432547',52,1),(3258,437149,'Fatchul Jannah','0007433894',52,1),(3259,437150,'Siti Aisyah','0008709966',52,1),(3260,437151,'Anggun Mega Sari','0007433321',52,1),(3261,437152,'Reni Dwi Jayanti','0007428123',52,1),(3262,437170,'Ikhwanul Muk Robin','0000831311',52,1),(3263,437172,'Devi Novitasari','0008696395',52,1),(3264,437183,'Suharti','0002319018',52,1),(3265,437185,'Achmad Yogi Firmansyah','0002259319',52,1),(3266,437190,'Fatimatus Zahro','0000778745',52,1),(3267,437194,'Sigit Heriyanto','0002283548',52,1),(3268,437199,'Rangga Adji Pangestu','0002283328',52,1),(3269,437202,'Niken Nidia Putri','0000796968',52,1),(3270,437204,'Lailatul Iswanda','0000805692',52,1),(3271,437222,'Khusnul Abidah','0000759537',52,1),(3272,437224,'Suriyanto','0000815681',52,1),(3273,437225,'Dinda Dwi Firlianti','0000792922',52,1),(3274,437227,'Andi Adi Purnomo','0000757941',52,1),(3275,437229,'Moch Reza Safitra','0000769131',52,1),(3276,437230,'M Arifin','0000770991',52,1),(3277,437231,'Julias Purwaningsih','0000760349',52,1),(3278,437232,'Intan Sholehah','0000767448',52,1),(3279,437251,'Diego Pratama Putra','0002294951',52,1),(3280,437253,'Irfan Hanafi','0002235989',52,1),(3281,437255,'Dewi Markhumah','0002236075',52,1),(3282,437264,'Mela Sari Asih','0000824419',52,1),(3283,437270,'Maliqya Putra Sujono','0002236024',52,1),(3284,437271,'Intan Anita Sari','0002235851',52,1),(3285,437273,'Anggun Galihe Ahmadtul Qirom','0002262828',52,1),(3286,437277,'Mita Lutfiana','0002318976',52,1),(3287,437281,'Mohamad Irfandi','0002319203',52,1),(3288,437287,'Akbar Khamdani','0002250571',52,1),(3289,437291,'Eka Dany Pratama','0002250536',52,1),(3290,437297,'Dea Nursaidah','0002317972',52,1),(3291,437300,'Alinda Kurnia Siwi','0000766569',52,1),(3292,437311,'Mareta Citra Andini','0002319113',52,1),(3293,437312,'Novi Putri Puspita Sari','0002319084',52,1),(3294,437330,'Hendrikus Beni Hardianto','0002319301',52,1),(3295,437331,'Taqiyullah Arrojabi','0002294345',52,1),(3296,437332,'Devi Tri Widya Agustin','0002284928',52,1),(3297,437333,'Bondan Riskianto','0002294064',52,1),(3298,437334,'Adinda Chofifah Amalia Pertiwi','0002294969',52,1),(3299,437336,'Nia Alfiana','0002319202',52,1),(3300,437338,'Khoiriyah','0002319083',52,1),(3301,437339,'Lailatun Ni Mah','0002250601',52,1),(3302,437341,'Wamaftuhah','0002318964',52,1),(3303,437345,'Ubaidillah','0000833271',52,1),(3304,437351,'Akhmad Safarudin','0000763737',52,1),(3305,437353,'Nuri Ma Rifatil Laili','0000760420',52,1),(3306,437354,'Nurul Kholiya','0002259209',52,1),(3307,437355,'Rika Nur Fitriani','0002259228',52,1),(3308,437356,'Muhamat Duwi Adi Putra','0002248192',52,1),(3309,437357,'Muhammad Nunung Sugiyantoro','0002228674',52,1),(3310,437371,'Fathor Rozi','0008022588',52,1),(3311,437372,'Evin Prasetiyo','0005403843',52,1),(3312,437373,'Muhammad Yogik Wahyudi','0005414638',52,1),(3313,437374,'Faris Firmantoro','0005414601',52,1),(3314,437375,'Roni Syahrian','0008038068',52,1),(3315,437376,'Irfan Maulana','0005404084',52,1),(3316,437377,'Mohamad Ali Zain','0005414907',52,1),(3317,437378,'Sodiq','0005228500',52,1),(3318,437382,'Ahmad Qusyaeri','0008303095',52,1),(3319,437383,'Maulidia Hanif Hidayah','0008443260',52,1),(3320,437415,'Ahmad Muzaki','0007990170',52,1),(3321,437423,'Ida Farida','0008067282',52,1),(3322,437435,'Zenitus Immanuel Bambang Permadi','0007025398',52,1),(3323,437440,'Nadito Olin Graham Sandofel','0008140288',52,1),(3324,437441,'Muchamad Suheb','0008140307',52,1),(3325,437442,'Samsul Arifin','0008147590',52,1),(3326,437443,'Muhammad Salman Alfarisi','0008147539',52,1),(3327,437482,'Nurfadilah','0007329764',52,1),(3328,437491,'Lailatul Mukarromah','0007332254',52,1),(3329,437492,'Imam Wahyudi','0006947196',52,1),(3330,437494,'Hadi Daman Huri','0007628968',52,1),(3331,437495,'Yuga Abitha Arithusa','0007630532',52,1),(3332,437496,'Veronica Anggrila Riantono','0007946414',52,1),(3333,437500,'Erlinda Setyo Agustin','0007916091',52,1),(3334,437501,'Nurul Huda','0008046802',52,1),(3335,437502,'Nur Hasanah','0008046799',52,1),(3336,437503,'Khairunas Ibnu Priwahyudi','0005414901',52,1),(3337,437504,'Mochammad Nasrudin','0007010505',52,1),(3338,437505,'Muhammad Setya Habibullah','0006974731',52,1),(3339,437507,'Moh Samsul Huda','0006974668',52,1),(3340,437510,'Elda Yunita Pradana','0005445848',52,1),(3341,437516,'Febrian Ardiansyah Putra Trisna Pratama','0008141568',52,1),(3342,437517,'Mohamad Sholeh','0008142037',52,1),(3343,437518,'Muhammad Dimas Firmansyah','0008141932',52,1),(3344,437534,'Silvya Mega Utami Purwati Ningtyas','0007989921',52,1),(3345,437554,'Moh Haris Ubaidurrahman','0008017970',52,1),(3346,437555,'Misbachul Huda','0008143444',52,1),(3347,437559,'Ilham Adinata Dwi Ahmadi','0007033517',52,1),(3348,437565,'Moch. Alfian Permana Putra','0008144303',52,1),(3349,437570,'Jenefer Nadiya','0008018029',52,1),(3350,437571,'Ach Torik Fillah Al Maromi','0008035285',52,1),(3351,437578,'Elyvia Septia Dewi','0008290260',52,1),(3352,437583,'REYHAN FARELL SYABILAL RASYAD','0008042470',52,1),(3353,437586,'M Sifa Afrazel Avansyah Maulana','0008042503',52,1),(3354,437590,'Robitotul Hasanah','0008101731',52,1),(3355,437594,'Nadya Laras Wanti','0007989725',52,1),(3356,437600,'Masliha','0008443106',52,1),(3357,437601,'Gilang Ramadhan Adi Pratama','0008021870',52,1),(3358,437602,'Salfalita Aminarti','0008023299',52,1),(3359,437605,'Umbarani','0007989813',52,1),(3360,437607,'Alyazulfa Fibriana','0007994713',52,1),(3361,437630,'Ali Imron','0007986088',52,1),(3362,437638,'Siti Nur Anisah','0008053967',52,1),(3363,437641,'Siti Nur Solekha','0007986032',52,1),(3364,437642,'Avrilin Ayu Purwanti','0007986067',52,1),(3365,437643,'Akbar Zulkifli','0007988792',52,1),(3366,437644,'Abdullah','0007986195',52,1),(3367,437645,'Ahmad Fuad Muhammad Sholeh','0008057914',52,1),(3368,437650,'Dwi Shinta Dewi','0008022487',52,1),(3369,437652,'Reny Suryaningsih','0008022121',52,1),(3370,437653,'Fitria Novitasari','0007986213',52,1),(3371,437657,'Rewika Mauditya','0007985987',52,1),(3372,437658,'Siti Khasanah','0008252504',52,1),(3373,437659,'Robi Atul Fitriyati Rahayu','0008212163',52,1),(3374,437707,'Fahmi Amrulloh','0008175864',52,1),(3375,437708,'Bayu Yudi Bimantara','0008212536',52,1),(3376,437794,'Mochammad Arjun Dwi Saputra','0008136228',52,1),(3377,437795,'Muhammad Andi Nazmi','0007933118',52,1),(3378,437798,'Gladi Putra Kusuma','0008138630',52,1),(3379,437808,'David Rakhmad Albar','0008042434',52,1),(3380,437861,'M Rifki Hidayatulloh','0005481427',52,1),(3381,437864,'Ema Riski Herawati','0008119866',52,1),(3382,437865,'Apriliana Dwi Arianti','0008119843',52,1),(3383,437908,'Sri Ayu Astutik','0005159614',52,1),(3384,437912,'Rochmatulloh Isrofil','0005424854',52,1),(3385,437913,'Ach Maulana','0008136117',52,1),(3386,437941,'Hafsah Puspita Ningrum','0007882851',52,1),(3387,437942,'Febri Novia','0005179021',52,1),(3388,437943,'Fransiska Amysaroh','0005431213',52,1),(3389,437944,'Mohamad Fahri Husaini','0005153433',52,1),(3390,437947,'Febri Yunita Ariani','0005154301',52,1),(3391,437952,'Findi Tri Cahyo','0008656754',52,1),(3392,437954,'Nur Falahi','0008691907',52,1),(3393,437955,'Fawaidul Khoir','0008691948',52,1),(3394,437957,'Bahrul Ulum','0008691888',52,1),(3395,437958,'Hafiz Iskandar','0008656777',52,1),(3396,437959,'Andri Triyanto','0008656864',52,1),(3397,437960,'Didik Sulaiman','0008667872',52,1),(3398,437961,'Fikka Mariya','0006884092',52,1),(3399,438036,'Adi Purbayu Sugiono','0008470509',52,1),(3400,438039,'Ithun Khomariah','0005106610',52,1),(3401,438040,'Beny Maulana Iskhak','0005105951',52,1),(3402,438041,'Dita Melani Putri','0005105326',52,1),(3403,438043,'Riyan Nofa Dika S','0005466641',52,1),(3404,438046,'Maulana Aliffatullah','0005130396',52,1),(3405,438047,'Inget Bina Setiti','0005131400',52,1),(3406,438048,'Bagas Ferdyananta Efendi','0005132395',52,1),(3407,438165,'Hilmi Zakiah','0008302998',52,1),(3408,438166,'Achmad Rifqi Ramadhani','0008776678',52,1),(3409,438167,'Amar Rizki Ghoni Nur Wakhid','0007292852',52,1),(3410,438168,'Sinta Widiawati','0008776893',52,1),(3411,438169,'Riza Maimuna','0008774758',52,1),(3412,438170,'Nur Indah Irmawati','0008640057',52,1),(3413,438171,'Gwerinda Cincirias Judesi','0006813329',52,1),(3414,438194,'M. Fauzi','0002231184',52,1),(3415,438196,'Rahmandani Aprilian','0006977118',52,1),(3416,438197,'Fina Agustin Purwanti','0007847688',52,1),(3417,438199,'Kiki Fernando','0008640697',52,1),(3418,438200,'Aryunirantika Salwa P P','0008722156',52,1),(3419,438201,'Lutfi Siswanto','0006977888',52,1),(3420,438202,'Moh Sigit Aulia','0002312483',52,1),(3421,438203,'Diatul Ilmia','0006976510',52,1),(3422,438204,'Firda Aisyah','0002314098',52,1),(3423,438222,'Indah Prihayanti','0002233866',52,1),(3424,438223,'Soni Setiawan','0002326059',52,1),(3425,438225,'Mukhammad Kurniawan Hidayat','0002231805',52,1),(3426,438226,'Muhammad Saihu','0002232840',52,1),(3427,438227,'Aditya Firnanda Hendriyan Syah','0008470271',52,1),(3428,438228,'Seva Hikmatul Lailiyah Agustin','0008470208',52,1),(3429,438229,'M. Suudi','0008389945',52,1),(3430,438230,'Muhammad Hafid Aditya','0008682484',52,1),(3431,438231,'Muhammad Rudi','0004794501',52,1),(3432,438232,'Muchamad Syafii','0007723857',52,1),(3433,438246,'Saifin Nuha','0005441642',52,1),(3434,438259,'Shinta Annur Rita Sari','0001910122',52,1),(3435,438260,'Lisa Aprilia Winata','0001911969',52,1),(3436,438261,'Iin Romadloni','0008238797',52,1),(3437,438264,'Jihad Choiriyah Salam','0007560831',52,1),(3438,438265,'Mira Dwi Agustin','0007559472',52,1),(3439,438266,'Sinta Anggraini','0005432346',52,1),(3440,438267,'Indayatul Umamik','0005432592',52,1),(3441,438268,'Sumilah','0008238416',52,1),(3442,438269,'Nikmatul Ulya','0008238479',52,1),(3443,438270,'Khuswatun Indah Hariningsi','0005103937',52,1),(3444,438277,'Nur Indah Sofiana','0007561404',52,1),(3445,438281,'Della Oktavia','0012845811',52,1),(3446,438309,'Maratus Sholihah','0008311787',51,1),(3447,438321,'Muhammad Fikri','0002445433',51,1),(3448,438301,'Eni Yulianti','0002154449',51,1),(3449,438310,'Putri Dyah Ayu','0007709692',51,1),(3450,438303,'Khoiratul Ken Arifah','0002155046',51,1),(3451,438306,'Faradillah Putri Akbar','0008317536',51,1),(3452,438308,'Lailatul Istikomah','0008317448',51,1),(3453,438307,'Natasya Dwi Andita','0008317479',51,1),(3454,438304,'Jumaiyah','0008317507',51,1),(3455,438311,'Pipit Ratnasari','0007709629',51,1),(3456,438299,'Ovita Khoirun Nisa','0002071427',51,1),(3457,438337,'Ahmad Tomi','0008331151',51,1),(3458,438354,'Wahyu Tri Atmaja','0008331107',51,1),(3459,428168,'M.Faizal W','0009325703',52,1),(3460,436193,'M Evan Eka S','0002319605',52,1),(3461,428367,'Akhmad Qomarudin','0005457222',52,1),(3462,438342,'Muhammad Rifai','0012829410',40,1),(3463,438403,'Hotijah','0002446656',40,1),(3464,438404,'Toyib','0008199423',40,1),(3465,438401,'Dimas Habi','0002448376',40,1),(3466,438402,'Muhammad Dhiyauddin','0002447358',40,1),(3467,431566,'NURIZKI ADELIA AZZAHRA','0008695442',52,1),(3468,414850,'DWI','0008301298',52,1),(3469,419349,'maulana khamdani','0008023153',52,1),(3470,123,'tes','1234214',2,1),(3471,234,'tes 234','4566776756',2,1),(3472,345,'Johan','21321421414',2,1),(3473,456,'Johan Hanadi','1231414',3,1),(3474,352,'Johan Cruft','0008203228',3,1),(3475,789,'ABC Denta','2134234235',36,1),(3476,98,'Amalan Solikah','21321452356',1,1),(5287,5679,'opq','0006529157',4,1),(5288,76554,'hijkl','0001743404',2,1);
/*!40000 ALTER TABLE `tbl_master_karyawan` ENABLE KEYS */;
UNLOCK TABLES;

--
-- Table structure for table `tbl_transaksi`
--

DROP TABLE IF EXISTS `tbl_transaksi`;
/*!40101 SET @saved_cs_client     = @@character_set_client */;
/*!50503 SET character_set_client = utf8mb4 */;
CREATE TABLE `tbl_transaksi` (
  `id` int(11) NOT NULL,
  `rfid_no` varchar(255) DEFAULT NULL,
  `item_id` int(11) DEFAULT NULL,
  `tgl_pinjam` datetime DEFAULT NULL,
  `tgl_kembali` datetime DEFAULT NULL,
  `status` int(11) DEFAULT NULL,
  `keterangan` text NOT NULL,
  `date_pinjam` date DEFAULT NULL,
  `date_kembali` date DEFAULT NULL
) ENGINE=InnoDB DEFAULT CHARSET=utf8 COLLATE=utf8_unicode_ci ROW_FORMAT=DYNAMIC;
/*!40101 SET character_set_client = @saved_cs_client */;

--
-- Dumping data for table `tbl_transaksi`
--

LOCK TABLES `tbl_transaksi` WRITE;
/*!40000 ALTER TABLE `tbl_transaksi` DISABLE KEYS */;
INSERT INTO `tbl_transaksi` VALUES (14837,'0003017890',1,'2024-02-16 10:44:17','2024-02-16 21:01:30',2,'','2024-02-16','2024-02-16'),(14838,'0011263227',1,'2024-02-16 10:44:46','2024-02-16 20:03:45',2,'','2024-02-16','2024-02-16'),(14839,'0002315091',1,'2024-02-16 10:45:16','2024-02-16 20:04:13',2,'','2024-02-16','2024-02-16'),(14840,'0005186211',1,'2024-02-16 10:47:11','2024-02-16 18:31:52',2,'','2024-02-16','2024-02-16'),(14841,'0000768246',1,'2024-02-16 10:49:12','2024-02-16 20:31:44',2,'','2024-02-16','2024-02-16'),(14842,'0002235500',1,'2024-02-16 11:39:09','2024-02-16 21:01:23',2,'','2024-02-16','2024-02-16'),(14843,'0006447433',1,'2024-02-16 12:29:44','2024-02-16 17:46:11',2,'','2024-02-16','2024-02-16'),(14844,'0011773582',1,'2024-02-17 04:31:50','2024-02-17 15:55:29',2,'','2024-02-17','2024-02-17'),(14845,'0005505316',1,'2024-02-17 04:41:53','2024-02-17 16:03:52',2,'','2024-02-17','2024-02-17'),(14846,'0013414024',1,'2024-02-17 04:43:35','2024-02-19 14:42:49',2,'','2024-02-17','2024-02-19'),(14847,'0005020428',1,'2024-02-17 04:45:30','2024-02-17 16:07:07',2,'','2024-02-17','2024-02-17'),(14848,'0003148550',1,'2024-02-17 04:45:33','2024-02-17 16:10:49',2,'','2024-02-17','2024-02-17'),(14849,'0002230831',1,'2024-02-17 04:46:48','2024-02-17 14:16:16',2,'','2024-02-17','2024-02-17'),(14850,'0003162810',1,'2024-02-17 04:47:29','2024-02-19 17:06:40',2,'','2024-02-17','2024-02-19'),(14851,'0011847584',1,'2024-02-17 04:47:44','2024-02-17 14:09:28',2,'','2024-02-17','2024-02-17'),(14852,'0007673603',1,'2024-02-17 04:50:48','2024-02-17 14:44:19',2,'','2024-02-17','2024-02-17'),(14853,'0008377364',1,'2024-02-17 04:53:13','2024-02-17 16:06:24',2,'','2024-02-17','2024-02-17'),(14854,'0001370880',1,'2024-02-17 04:53:41','2024-02-17 16:01:48',2,'','2024-02-17','2024-02-17'),(14855,'0003013433',1,'2024-02-17 04:57:19','2024-02-17 16:10:04',2,'','2024-02-17','2024-02-17'),(14856,'0011281154',1,'2024-02-17 04:59:41','2024-02-17 16:09:06',2,'','2024-02-17','2024-02-17'),(14857,'0000745396',1,'2024-02-17 05:17:56','2024-02-17 18:59:02',2,'','2024-02-17','2024-02-17'),(14858,'0002289780',1,'2024-02-17 05:18:43','2024-02-17 16:38:04',2,'','2024-02-17','2024-02-17'),(14859,'0004101731',1,'2024-02-17 05:19:01','2024-02-19 15:58:55',2,'','2024-02-17','2024-02-19'),(14860,'0011302708',1,'2024-02-17 05:20:10','2024-02-17 18:00:22',2,'','2024-02-17','2024-02-17'),(14861,'0002915379',1,'2024-02-17 05:22:11','2024-02-17 18:46:11',2,'','2024-02-17','2024-02-17'),(14862,'0005029099',1,'2024-02-17 05:24:34','2024-02-17 15:07:44',2,'','2024-02-17','2024-02-17'),(14863,'0008618061',1,'2024-02-17 05:26:05','2024-02-17 14:30:56',2,'','2024-02-17','2024-02-17'),(14864,'0002037960',1,'2024-02-17 05:26:35','2024-02-19 17:34:55',2,'','2024-02-17','2024-02-19'),(14865,'0002284899',1,'2024-02-17 05:26:50','2024-02-19 18:59:20',2,'','2024-02-17','2024-02-19'),(14866,'0008771859',1,'2024-02-17 05:27:15','2024-02-17 18:03:28',2,'','2024-02-17','2024-02-17'),(14867,'0011294128',1,'2024-02-17 05:28:36','2024-02-17 18:59:05',2,'','2024-02-17','2024-02-17'),(14868,'0002283175',1,'2024-02-17 05:30:21','2024-02-20 17:48:29',2,'','2024-02-17','2024-02-20'),(14869,'0011281065',1,'2024-02-17 05:30:57',NULL,1,'','2024-02-17',NULL),(14870,'0012821233',1,'2024-02-17 05:32:12','2024-02-17 17:58:20',2,'','2024-02-17','2024-02-17'),(14871,'0000780098',1,'2024-02-17 05:33:38','2024-02-19 16:17:07',2,'','2024-02-17','2024-02-19'),(14872,'0006659965',1,'2024-02-17 05:34:07','2024-02-20 17:48:33',2,'','2024-02-17','2024-02-20'),(14873,'0008567465',1,'2024-02-17 05:35:28','2024-02-19 17:36:15',2,'','2024-02-17','2024-02-19'),(14874,'0001811018',1,'2024-02-17 05:36:18','2024-02-19 17:37:43',2,'','2024-02-17','2024-02-19'),(14875,'0002915975',1,'2024-02-17 05:36:24','2024-02-19 18:57:10',2,'','2024-02-17','2024-02-19'),(14876,'0006447433',1,'2024-02-17 05:37:13','2024-02-17 18:46:53',2,'','2024-02-17','2024-02-17'),(14877,'0002920614',1,'2024-02-17 05:37:30','2024-02-17 18:26:12',2,'','2024-02-17','2024-02-17'),(14878,'0009049114',1,'2024-02-17 05:38:02','2024-02-17 17:59:01',2,'','2024-02-17','2024-02-17'),(14879,'0002230802',1,'2024-02-17 05:38:14','2024-02-19 18:59:06',2,'','2024-02-17','2024-02-19'),(14880,'0008694075',1,'2024-02-17 05:38:30','2024-02-19 17:35:12',2,'','2024-02-17','2024-02-19'),(14881,'0001215604',1,'2024-02-17 05:38:52','2024-02-17 18:00:01',2,'','2024-02-17','2024-02-17'),(14882,'0008599179',1,'2024-02-17 05:39:01','2024-02-19 18:58:37',2,'','2024-02-17','2024-02-19'),(14883,'0007157184',1,'2024-02-17 05:39:15','2024-02-17 18:03:31',2,'','2024-02-17','2024-02-17'),(14884,'0000762710',1,'2024-02-17 05:39:25','2024-02-17 18:00:57',2,'','2024-02-17','2024-02-17'),(14885,'0008299818',1,'2024-02-17 05:39:34','2024-02-19 17:31:52',2,'','2024-02-17','2024-02-19'),(14886,'0006437262',1,'2024-02-17 05:39:59','2024-02-20 18:19:02',2,'','2024-02-17','2024-02-20'),(14887,'0001828892',1,'2024-02-17 05:40:56','2024-02-19 18:34:08',2,'','2024-02-17','2024-02-19'),(14888,'0005726531',1,'2024-02-17 05:41:12','2024-02-17 17:59:21',2,'','2024-02-17','2024-02-17'),(14889,'0011292094',1,'2024-02-17 05:41:23','2024-02-20 18:29:34',2,'','2024-02-17','2024-02-20'),(14890,'0011074954',1,'2024-02-17 05:42:07','2024-02-19 10:40:30',2,'','2024-02-17','2024-02-19'),(14891,'0008771842',1,'2024-02-17 05:43:16','2024-02-17 18:00:25',2,'','2024-02-17','2024-02-17'),(14892,'0008174033',1,'2024-02-17 05:43:28','2024-02-19 16:05:20',2,'','2024-02-17','2024-02-19'),(14893,'0003011684',1,'2024-02-17 05:43:44','2024-02-19 16:06:19',2,'','2024-02-17','2024-02-19'),(14894,'0005475505',1,'2024-02-17 05:43:52','2024-02-19 18:29:43',2,'','2024-02-17','2024-02-19'),(14895,'0002271438',1,'2024-02-17 05:43:58','2024-02-17 17:57:45',2,'','2024-02-17','2024-02-17'),(14896,'0002294133',1,'2024-02-17 05:44:29','2024-02-19 18:53:07',2,'','2024-02-17','2024-02-19'),(14897,'0007404590',1,'2024-02-17 05:44:40','2024-02-19 18:03:59',2,'','2024-02-17','2024-02-19'),(14898,'0009081575',1,'2024-02-17 05:45:14','2024-02-17 18:03:36',2,'','2024-02-17','2024-02-17'),(14899,'0002318859',1,'2024-02-17 05:45:50','2024-02-19 18:15:26',2,'','2024-02-17','2024-02-19'),(14900,'0008121842',1,'2024-02-17 05:46:00','2024-02-19 16:04:47',2,'','2024-02-17','2024-02-19'),(14901,'0000780484',1,'2024-02-17 05:46:18','2024-02-19 18:24:49',2,'','2024-02-17','2024-02-19'),(14902,'0008062315',1,'2024-02-17 05:46:29','2024-02-17 18:01:25',2,'','2024-02-17','2024-02-17'),(14903,'0008570012',1,'2024-02-17 05:46:31','2024-02-17 17:58:39',2,'','2024-02-17','2024-02-17'),(14904,'0000164038',1,'2024-02-17 05:46:39','2024-02-19 18:58:27',2,'','2024-02-17','2024-02-19'),(14905,'0011304644',1,'2024-02-17 05:46:44','2024-02-17 18:44:35',2,'','2024-02-17','2024-02-17'),(14906,'0007346021',1,'2024-02-17 05:46:55','2024-02-17 18:03:41',2,'','2024-02-17','2024-02-17'),(14907,'0002259942',1,'2024-02-17 05:47:05','2024-02-19 16:02:41',2,'','2024-02-17','2024-02-19'),(14908,'0000802378',1,'2024-02-17 05:47:20','2024-02-19 15:58:44',2,'','2024-02-17','2024-02-19'),(14909,'0011078462',1,'2024-02-17 05:47:34','2024-02-20 17:59:17',2,'','2024-02-17','2024-02-20'),(14910,'0008337694',1,'2024-02-17 05:47:41','2024-02-19 18:13:08',2,'','2024-02-17','2024-02-19'),(14911,'0005470518',1,'2024-02-17 05:48:24','2024-02-17 17:59:40',2,'','2024-02-17','2024-02-17'),(14912,'0000124575',1,'2024-02-17 05:48:36','2024-02-19 16:03:53',2,'','2024-02-17','2024-02-19'),(14913,'0000767947',1,'2024-02-17 05:48:47','2024-02-19 18:28:31',2,'','2024-02-17','2024-02-19'),(14914,'0012816560',1,'2024-02-17 05:48:54','2024-02-17 18:26:01',2,'','2024-02-17','2024-02-17'),(14915,'0000745695',1,'2024-02-17 05:49:13','2024-02-17 18:31:14',2,'','2024-02-17','2024-02-17'),(14916,'0002913489',1,'2024-02-17 05:49:25','2024-02-17 18:31:22',2,'','2024-02-17','2024-02-17'),(14917,'0009633723',1,'2024-02-17 05:49:40','2024-02-19 16:04:16',2,'','2024-02-17','2024-02-19'),(14918,'0000171546',1,'2024-02-17 05:49:50','2024-02-17 18:47:07',2,'','2024-02-17','2024-02-17'),(14919,'0002910490',1,'2024-02-17 05:49:58','2024-02-19 18:26:19',2,'','2024-02-17','2024-02-19'),(14920,'0008618030',1,'2024-02-17 05:50:10','2024-02-19 17:34:50',2,'','2024-02-17','2024-02-19'),(14921,'0000768618',1,'2024-02-17 05:50:28','2024-02-19 18:59:54',2,'','2024-02-17','2024-02-19'),(14922,'0008598381',1,'2024-02-17 05:50:44','2024-02-19 18:58:00',2,'','2024-02-17','2024-02-19'),(14923,'0011056061',1,'2024-02-17 05:51:39','2024-02-17 18:00:34',2,'','2024-02-17','2024-02-17'),(14924,'0011837511',1,'2024-02-17 05:52:50','2024-02-19 16:07:17',2,'','2024-02-17','2024-02-19'),(14925,'0002316717',1,'2024-02-17 05:53:07','2024-02-19 19:00:35',2,'','2024-02-17','2024-02-19'),(14926,'0007153095',1,'2024-02-17 05:53:13','2024-02-17 18:46:34',2,'','2024-02-17','2024-02-17'),(14927,'0008694080',1,'2024-02-17 05:53:26','2024-02-19 18:16:19',2,'','2024-02-17','2024-02-19'),(14928,'0006478527',1,'2024-02-17 05:53:37','2024-02-19 16:04:24',2,'','2024-02-17','2024-02-19'),(14929,'0012391911',1,'2024-02-17 05:53:45','2024-02-19 17:56:53',2,'','2024-02-17','2024-02-19'),(14930,'0012012506',1,'2024-02-17 05:55:06','2024-02-19 16:08:33',2,'','2024-02-17','2024-02-19'),(14931,'0008626857',1,'2024-02-17 05:55:21','2024-02-19 19:00:21',2,'','2024-02-17','2024-02-19'),(14932,'0009281164',1,'2024-02-17 05:55:32','2024-02-19 18:11:27',2,'','2024-02-17','2024-02-19'),(14933,'0002319217',1,'2024-02-17 05:56:01','2024-02-19 16:03:00',2,'','2024-02-17','2024-02-19'),(14934,'0002898613',1,'2024-02-17 06:05:38','2024-02-19 16:02:29',2,'','2024-02-17','2024-02-19'),(14935,'0000119011',1,'2024-02-17 06:12:10',NULL,1,'','2024-02-17',NULL),(14936,'0005691714',1,'2024-02-17 06:13:28','2024-02-17 19:02:33',2,'','2024-02-17','2024-02-17'),(14937,'0000823059',1,'2024-02-17 06:18:42','2024-02-17 18:47:13',2,'','2024-02-17','2024-02-17'),(14938,'0008274802',1,'2024-02-17 06:25:46','2024-02-19 17:46:02',2,'','2024-02-17','2024-02-19'),(14939,'0008131088',1,'2024-02-17 06:30:08','2024-02-17 19:12:43',2,'','2024-02-17','2024-02-17'),(14940,'0008708119',1,'2024-02-17 06:31:44','2024-02-17 16:33:42',2,'','2024-02-17','2024-02-17'),(14941,'0012369507',1,'2024-02-17 06:32:20','2024-02-17 18:54:25',2,'','2024-02-17','2024-02-17'),(14942,'0011817748',1,'2024-02-17 06:33:06','2024-02-17 18:44:29',2,'','2024-02-17','2024-02-17'),(14943,'0005042166',1,'2024-02-17 06:33:27','2024-02-19 18:13:03',2,'','2024-02-17','2024-02-19'),(14944,'0012821167',1,'2024-02-17 06:33:35','2024-02-17 16:32:46',2,'','2024-02-17','2024-02-17'),(14945,'0008067323',1,'2024-02-17 06:36:25','2024-02-17 18:49:42',2,'','2024-02-17','2024-02-17'),(14946,'0005151134',1,'2024-02-17 06:37:27','2024-02-17 16:13:31',2,'','2024-02-17','2024-02-17'),(14947,'0006373666',1,'2024-02-17 06:37:46','2024-02-17 19:43:36',2,'','2024-02-17','2024-02-17'),(14948,'0003181471',1,'2024-02-17 06:39:12','2024-02-17 16:10:08',2,'','2024-02-17','2024-02-17'),(14949,'0005463632',1,'2024-02-17 06:40:02','2024-02-17 16:00:57',2,'','2024-02-17','2024-02-17'),(14950,'0000810733',1,'2024-02-17 06:42:47','2024-02-17 16:21:26',2,'','2024-02-17','2024-02-17'),(14951,'0011302666',1,'2024-02-17 06:43:13','2024-02-17 19:10:43',2,'','2024-02-17','2024-02-17'),(14952,'0012777735',1,'2024-02-17 06:43:20','2024-02-17 19:43:32',2,'','2024-02-17','2024-02-17'),(14953,'0011319731',1,'2024-02-17 06:44:49','2024-02-17 18:44:07',2,'','2024-02-17','2024-02-17'),(14954,'0012026283',1,'2024-02-17 06:45:52','2024-02-17 18:43:54',2,'','2024-02-17','2024-02-17'),(14955,'0002259065',1,'2024-02-17 06:46:17','2024-02-17 16:08:01',2,'','2024-02-17','2024-02-17'),(14956,'0012420447',1,'2024-02-17 06:47:40','2024-02-19 18:59:58',2,'','2024-02-17','2024-02-19'),(14957,'0011774091',1,'2024-02-17 06:48:44','2024-02-17 18:59:28',2,'','2024-02-17','2024-02-17'),(14958,'0003014316',1,'2024-02-17 06:48:58','2024-02-17 18:02:11',2,'','2024-02-17','2024-02-17'),(14959,'0007941709',1,'2024-02-17 06:49:16','2024-02-17 18:48:53',2,'','2024-02-17','2024-02-17'),(14960,'0008374997',1,'2024-02-17 06:49:21','2024-02-17 18:54:22',2,'','2024-02-17','2024-02-17'),(14961,'0004103508',1,'2024-02-17 06:52:15','2024-02-17 19:08:46',2,'','2024-02-17','2024-02-17'),(14962,'0011813380',1,'2024-02-17 06:52:26','2024-02-17 19:08:48',2,'','2024-02-17','2024-02-17'),(14963,'0011868845',1,'2024-02-17 06:54:25','2024-02-17 19:11:58',2,'','2024-02-17','2024-02-17'),(14964,'0008196401',1,'2024-02-17 06:55:45','2024-02-17 19:11:38',2,'','2024-02-17','2024-02-17'),(14965,'0008282801',1,'2024-02-17 06:57:53','2024-02-17 16:13:34',2,'','2024-02-17','2024-02-17'),(14966,'0005470467',1,'2024-02-17 07:26:48','2024-02-19 18:07:20',2,'','2024-02-17','2024-02-19'),(14967,'0011308631',1,'2024-02-17 07:30:04','2024-02-20 19:05:07',2,'','2024-02-17','2024-02-20'),(14968,'0005024362',1,'2024-02-17 07:35:32','2024-02-19 18:07:05',2,'','2024-02-17','2024-02-19'),(14969,'0000125999',1,'2024-02-17 07:42:51','2024-02-17 14:53:46',2,'','2024-02-17','2024-02-17'),(14970,'0005409666',1,'2024-02-17 07:43:21','2024-02-19 18:05:08',2,'','2024-02-17','2024-02-19'),(14971,'0011053911',1,'2024-02-17 07:45:44','2024-02-19 17:46:31',2,'','2024-02-17','2024-02-19'),(14972,'0005039825',1,'2024-02-17 07:47:00','2024-02-19 20:32:40',2,'','2024-02-17','2024-02-19'),(14973,'0001960198',1,'2024-02-17 07:49:10','2024-02-17 19:18:47',2,'','2024-02-17','2024-02-17'),(14974,'0011785949',1,'2024-02-17 07:50:47','2024-02-17 19:17:06',2,'','2024-02-17','2024-02-17'),(14975,'0008599258',1,'2024-02-17 07:51:08','2024-02-17 19:16:30',2,'','2024-02-17','2024-02-17'),(14976,'0003016377',1,'2024-02-17 07:51:45','2024-02-19 20:53:50',2,'','2024-02-17','2024-02-19'),(14977,'0002284620',1,'2024-02-17 07:52:04','2024-02-19 21:00:50',2,'','2024-02-17','2024-02-19'),(14978,'0012208239',1,'2024-02-17 07:53:07','2024-02-20 17:12:14',2,'','2024-02-17','2024-02-20'),(14979,'0007609504',1,'2024-02-17 07:55:54','2024-02-17 17:50:18',2,'','2024-02-17','2024-02-17'),(14980,'0008309978',1,'2024-02-17 08:23:13','2024-02-19 21:31:37',2,'','2024-02-17','2024-02-19'),(14981,'0003222562',1,'2024-02-17 08:30:26','2024-02-17 18:03:18',2,'','2024-02-17','2024-02-17'),(14982,'0002291823',1,'2024-02-17 08:33:02','2024-02-17 18:34:31',2,'','2024-02-17','2024-02-17'),(14983,'0012444515',1,'2024-02-17 08:37:44','2024-02-17 18:16:12',2,'','2024-02-17','2024-02-17'),(14984,'0012527628',1,'2024-02-17 08:39:37','2024-02-17 18:33:05',2,'','2024-02-17','2024-02-17'),(14985,'0009013389',1,'2024-02-17 08:40:31','2024-02-17 18:21:10',2,'','2024-02-17','2024-02-17'),(14986,'0002229213',1,'2024-02-17 08:41:52','2024-02-17 18:35:00',2,'','2024-02-17','2024-02-17'),(14987,'0008067343',1,'2024-02-17 08:42:43','2024-02-17 18:16:54',2,'','2024-02-17','2024-02-17'),(14988,'0011408982',1,'2024-02-17 08:46:03','2024-02-19 21:43:41',2,'','2024-02-17','2024-02-19'),(14989,'0011829707',1,'2024-02-17 08:48:16','2024-02-17 18:19:01',2,'','2024-02-17','2024-02-17'),(14990,'0008927607',1,'2024-02-17 08:50:49','2024-02-17 18:05:28',2,'','2024-02-17','2024-02-17'),(14991,'0002258996',1,'2024-02-17 09:13:31','2024-02-19 18:31:56',2,'','2024-02-17','2024-02-19'),(14992,'0011837927',1,'2024-02-17 09:23:58','2024-02-17 19:41:56',2,'','2024-02-17','2024-02-17'),(14993,'0011985328',1,'2024-02-17 09:34:56','2024-02-17 19:41:49',2,'','2024-02-17','2024-02-17'),(14994,'0005066132',1,'2024-02-17 09:38:15','2024-02-19 14:08:03',2,'','2024-02-17','2024-02-19'),(14995,'0002239059',1,'2024-02-17 09:40:14','2024-02-17 19:49:54',2,'','2024-02-17','2024-02-17'),(14996,'0005475336',1,'2024-02-17 09:40:42','2024-02-17 19:41:31',2,'','2024-02-17','2024-02-17'),(14997,'0011307029',1,'2024-02-17 09:40:53','2024-02-17 19:00:37',2,'','2024-02-17','2024-02-17'),(14998,'0011859028',1,'2024-02-17 09:41:05','2024-02-17 19:42:13',2,'','2024-02-17','2024-02-17'),(14999,'0002260119',1,'2024-02-17 09:45:42','2024-02-17 19:36:08',2,'','2024-02-17','2024-02-17'),(15000,'0008262399',1,'2024-02-17 09:47:56','2024-02-17 20:30:28',2,'','2024-02-17','2024-02-17'),(15001,'0005186211',1,'2024-02-17 09:50:08','2024-02-17 19:40:42',2,'','2024-02-17','2024-02-17'),(15002,'0012039688',1,'2024-02-17 10:24:47','2024-02-19 14:04:45',2,'','2024-02-17','2024-02-19'),(15003,'0008599083',1,'2024-02-17 10:29:51','2024-02-17 21:22:49',2,'','2024-02-17','2024-02-17'),(15004,'0002289736',1,'2024-02-17 10:34:36','2024-02-17 20:06:33',2,'','2024-02-17','2024-02-17'),(15005,'0011773503',1,'2024-02-17 10:35:20','2024-02-17 21:18:26',2,'','2024-02-17','2024-02-17'),(15006,'0008598400',1,'2024-02-17 10:37:48','2024-02-17 21:18:23',2,'','2024-02-17','2024-02-17'),(15007,'0005037551',1,'2024-02-17 10:38:56','2024-02-17 20:45:10',2,'','2024-02-17','2024-02-17'),(15008,'0002315091',1,'2024-02-17 10:44:30','2024-02-17 21:22:52',2,'','2024-02-17','2024-02-17'),(15009,'0000768246',1,'2024-02-17 10:50:49','2024-02-17 20:45:04',2,'','2024-02-17','2024-02-17'),(15010,'0005692495',1,'2024-02-17 11:27:55','2024-02-17 21:49:53',2,'','2024-02-17','2024-02-17'),(15011,'0001377469',1,'2024-02-17 11:28:41','2024-02-17 21:32:32',2,'','2024-02-17','2024-02-17'),(15012,'0002254875',1,'2024-02-17 11:30:05','2024-02-17 21:31:59',2,'','2024-02-17','2024-02-17'),(15013,'0007779734',1,'2024-02-17 11:38:13','2024-02-17 21:25:39',2,'','2024-02-17','2024-02-17'),(15014,'0005033832',1,'2024-02-17 11:38:37','2024-02-17 21:25:27',2,'','2024-02-17','2024-02-17'),(15015,'0002235500',1,'2024-02-17 11:38:43','2024-02-17 21:21:09',2,'','2024-02-17','2024-02-17'),(15016,'0005485178',1,'2024-02-17 11:38:56','2024-02-17 21:25:31',2,'','2024-02-17','2024-02-17'),(15017,'0003017890',1,'2024-02-17 11:39:35','2024-02-17 21:52:43',2,'','2024-02-17','2024-02-17'),(15018,'0011304836',1,'2024-02-17 11:41:34','2024-02-17 21:12:37',2,'','2024-02-17','2024-02-17'),(15019,'0011263227',1,'2024-02-17 11:42:51','2024-02-17 21:24:14',2,'','2024-02-17','2024-02-17'),(15020,'0008298350',1,'2024-02-17 11:42:59','2024-02-17 21:12:26',2,'','2024-02-17','2024-02-17'),(15021,'0011866814',1,'2024-02-17 11:45:29','2024-02-19 14:14:09',2,'','2024-02-17','2024-02-19'),(15022,'0002233653',1,'2024-02-17 11:46:22','2024-02-17 21:57:02',2,'','2024-02-17','2024-02-17'),(15023,'0008618233',1,'2024-02-17 11:48:54','2024-02-17 21:52:32',2,'','2024-02-17','2024-02-17'),(15024,'0002318309',1,'2024-02-17 11:51:12','2024-02-17 21:36:15',2,'','2024-02-17','2024-02-17'),(15025,'0005691714',1,'2024-02-19 05:18:40','2024-02-19 19:00:04',2,'','2024-02-19','2024-02-19'),(15026,'0002271438',1,'2024-02-19 05:18:59','2024-02-19 18:02:45',2,'','2024-02-19','2024-02-19'),(15027,'0002289780',1,'2024-02-19 05:21:37','2024-02-19 16:56:07',2,'','2024-02-19','2024-02-19'),(15028,'0011773582',1,'2024-02-19 05:22:55','2024-02-19 17:56:05',2,'','2024-02-19','2024-02-19'),(15029,'0000745396',1,'2024-02-19 05:28:46','2024-02-19 18:56:17',2,'','2024-02-19','2024-02-19'),(15030,'0008771859',1,'2024-02-19 05:32:42','2024-02-19 19:05:53',2,'','2024-02-19','2024-02-19'),(15031,'0000829926',1,'2024-02-19 05:33:40','2024-02-19 18:58:20',2,'','2024-02-19','2024-02-19'),(15032,'0011294128',1,'2024-02-19 05:33:50','2024-02-19 18:56:11',2,'','2024-02-19','2024-02-19'),(15033,'0011280459',1,'2024-02-19 05:34:09','2024-02-19 19:08:46',2,'','2024-02-19','2024-02-19'),(15034,'0003013433',1,'2024-02-19 05:37:51','2024-02-19 17:48:15',2,'','2024-02-19','2024-02-19'),(15035,'0007255339',1,'2024-02-19 05:39:27','2024-02-19 19:36:07',2,'','2024-02-19','2024-02-19'),(15036,'0005505316',1,'2024-02-19 05:39:48','2024-02-19 17:36:52',2,'','2024-02-19','2024-02-19'),(15037,'0008374997',1,'2024-02-19 05:39:57','2024-02-20 18:07:20',2,'','2024-02-19','2024-02-20'),(15038,'0009081575',1,'2024-02-19 05:40:49','2024-02-19 18:59:11',2,'','2024-02-19','2024-02-19'),(15039,'0011773503',1,'2024-02-19 05:41:13','2024-02-19 15:06:40',2,'','2024-02-19','2024-02-19'),(15040,'0012369507',1,'2024-02-19 05:41:58','2024-02-20 17:35:40',2,'','2024-02-19','2024-02-20'),(15041,'0008771842',1,'2024-02-19 05:42:12','2024-02-19 19:00:30',2,'','2024-02-19','2024-02-19'),(15042,'0007157184',1,'2024-02-19 05:42:23','2024-02-19 19:05:30',2,'','2024-02-19','2024-02-19'),(15043,'0000762710',1,'2024-02-19 05:42:40','2024-02-19 19:36:10',2,'','2024-02-19','2024-02-19'),(15044,'0008131088',1,'2024-02-19 05:42:45','2024-02-20 17:37:27',2,'','2024-02-19','2024-02-20'),(15045,'0011859028',1,'2024-02-19 05:43:15','2024-02-20 17:59:09',2,'','2024-02-19','2024-02-20'),(15046,'0008067323',1,'2024-02-19 05:43:48','2024-02-19 17:34:45',2,'','2024-02-19','2024-02-19'),(15047,'0007346021',1,'2024-02-19 05:44:01','2024-02-20 17:56:15',2,'','2024-02-19','2024-02-20'),(15048,'0000398080',1,'2024-02-19 05:44:17','2024-02-19 19:36:58',2,'','2024-02-19','2024-02-19'),(15049,'0008599258',1,'2024-02-19 05:45:12','2024-02-19 17:41:29',2,'','2024-02-19','2024-02-19'),(15050,'0008598400',1,'2024-02-19 05:46:21','2024-02-19 15:06:36',2,'','2024-02-19','2024-02-19'),(15051,'0008570012',1,'2024-02-19 05:46:51','2024-02-19 18:59:32',2,'','2024-02-19','2024-02-19'),(15052,'0005726531',1,'2024-02-19 05:46:59','2024-02-19 19:35:41',2,'','2024-02-19','2024-02-19'),(15053,'0011302666',1,'2024-02-19 05:47:08','2024-02-20 17:36:16',2,'','2024-02-19','2024-02-20'),(15054,'0011785055',1,'2024-02-19 05:47:35','2024-02-19 19:02:27',2,'','2024-02-19','2024-02-19'),(15055,'0012777735',1,'2024-02-19 05:47:56','2024-02-19 18:59:40',2,'','2024-02-19','2024-02-19'),(15056,'0012816560',1,'2024-02-19 05:49:54','2024-02-19 19:59:25',2,'','2024-02-19','2024-02-19'),(15057,'0006757829',1,'2024-02-19 05:50:29','2024-02-19 18:26:04',2,'','2024-02-19','2024-02-19'),(15058,'0011774091',1,'2024-02-19 05:51:01','2024-02-19 17:55:47',2,'','2024-02-19','2024-02-19'),(15059,'0004103508',1,'2024-02-19 05:51:13','2024-02-19 18:21:44',2,'','2024-02-19','2024-02-19'),(15060,'0011304644',1,'2024-02-19 05:51:28','2024-02-19 19:00:46',2,'','2024-02-19','2024-02-19'),(15061,'0003014316',1,'2024-02-19 05:51:51','2024-02-19 17:36:08',2,'','2024-02-19','2024-02-19'),(15062,'0005470518',1,'2024-02-19 05:51:59','2024-02-19 19:00:10',2,'','2024-02-19','2024-02-19'),(15063,'0007941709',1,'2024-02-19 05:52:02','2024-02-19 17:36:49',2,'','2024-02-19','2024-02-19'),(15064,'0011056061',1,'2024-02-19 05:52:22','2024-02-20 18:00:45',2,'','2024-02-19','2024-02-20'),(15065,'0008377364',1,'2024-02-19 05:52:30','2024-02-19 18:58:39',2,'','2024-02-19','2024-02-19'),(15066,'0011817748',1,'2024-02-19 05:52:51','2024-02-19 19:00:53',2,'','2024-02-19','2024-02-19'),(15067,'0011281154',1,'2024-02-19 05:53:06','2024-02-19 18:24:23',2,'','2024-02-19','2024-02-19'),(15068,'0011319731',1,'2024-02-19 05:53:20','2024-02-19 19:00:42',2,'','2024-02-19','2024-02-19'),(15069,'0005409756',1,'2024-02-19 05:53:49',NULL,1,'','2024-02-19',NULL),(15070,'0011785949',1,'2024-02-19 05:53:57','2024-02-19 17:30:22',2,'','2024-02-19','2024-02-19'),(15071,'0011868845',1,'2024-02-19 05:54:55','2024-02-19 18:24:27',2,'','2024-02-19','2024-02-19'),(15072,'0011813380',1,'2024-02-19 05:55:58','2024-02-19 18:22:54',2,'','2024-02-19','2024-02-19'),(15073,'0001960198',1,'2024-02-19 06:03:07','2024-02-19 17:35:17',2,'','2024-02-19','2024-02-19'),(15074,'0000823059',1,'2024-02-19 06:21:20','2024-02-19 19:58:39',2,'','2024-02-19','2024-02-19'),(15075,'0011302708',1,'2024-02-19 06:24:22','2024-02-19 19:34:35',2,'','2024-02-19','2024-02-19'),(15076,'0001377469',1,'2024-02-19 06:27:28','2024-02-19 16:36:13',2,'','2024-02-19','2024-02-19'),(15077,'0005692495',1,'2024-02-19 06:27:46','2024-02-19 16:20:23',2,'','2024-02-19','2024-02-19'),(15078,'0012821233',1,'2024-02-19 06:30:26','2024-02-19 19:34:06',2,'','2024-02-19','2024-02-19'),(15079,'0002235500',1,'2024-02-19 06:37:23','2024-02-19 16:08:43',2,'','2024-02-19','2024-02-19'),(15080,'0000745695',1,'2024-02-19 06:39:31','2024-02-19 19:40:53',2,'','2024-02-19','2024-02-19'),(15081,'0005463632',1,'2024-02-19 06:40:03','2024-02-19 16:01:52',2,'','2024-02-19','2024-02-19'),(15082,'0005475336',1,'2024-02-19 06:42:48','2024-02-19 17:13:11',2,'','2024-02-19','2024-02-19'),(15083,'0000171546',1,'2024-02-19 06:43:58','2024-02-19 18:54:02',2,'','2024-02-19','2024-02-19'),(15084,'0008062315',1,'2024-02-19 06:44:21','2024-02-20 18:35:47',2,'','2024-02-19','2024-02-20'),(15085,'0003148550',1,'2024-02-19 06:44:32','2024-02-19 19:40:38',2,'','2024-02-19','2024-02-19'),(15086,'0007153095',1,'2024-02-19 06:44:53','2024-02-19 19:58:12',2,'','2024-02-19','2024-02-19'),(15087,'0002920614',1,'2024-02-19 06:45:15','2024-02-19 19:35:39',2,'','2024-02-19','2024-02-19'),(15088,'0002315091',1,'2024-02-19 06:46:39','2024-02-19 16:09:16',2,'','2024-02-19','2024-02-19'),(15089,'0011829707',1,'2024-02-19 06:46:56','2024-02-19 16:27:16',2,'','2024-02-19','2024-02-19'),(15090,'0002913489',1,'2024-02-19 06:47:40','2024-02-19 19:40:49',2,'','2024-02-19','2024-02-19'),(15091,'0007673603',1,'2024-02-19 06:48:39','2024-02-19 16:54:42',2,'','2024-02-19','2024-02-19'),(15092,'0011847584',1,'2024-02-19 06:50:27','2024-02-19 16:09:21',2,'','2024-02-19','2024-02-19'),(15093,'0008282801',1,'2024-02-19 06:51:00','2024-02-19 17:09:28',2,'','2024-02-19','2024-02-19'),(15094,'0008599083',1,'2024-02-19 07:31:04','2024-02-19 17:14:23',2,'','2024-02-19','2024-02-19'),(15095,'0002254875',1,'2024-02-19 07:33:00','2024-02-19 17:05:17',2,'','2024-02-19','2024-02-19'),(15096,'0002915379',1,'2024-02-19 07:37:43','2024-02-19 19:08:36',2,'','2024-02-19','2024-02-19'),(15097,'0006447433',1,'2024-02-19 07:40:07','2024-02-19 19:59:21',2,'','2024-02-19','2024-02-19'),(15098,'0005033832',1,'2024-02-19 07:41:55','2024-02-19 17:06:49',2,'','2024-02-19','2024-02-19'),(15099,'0005485178',1,'2024-02-19 07:42:41','2024-02-19 17:06:45',2,'','2024-02-19','2024-02-19'),(15100,'0011861314',1,'2024-02-19 07:43:00','2024-02-19 17:20:20',2,'','2024-02-19','2024-02-19'),(15101,'0008262399',1,'2024-02-19 07:43:28','2024-02-19 17:07:08',2,'','2024-02-19','2024-02-19'),(15102,'0007604758',1,'2024-02-19 07:44:46','2024-02-19 17:07:03',2,'','2024-02-19','2024-02-19'),(15103,'0000125999',1,'2024-02-19 07:46:57','2024-02-19 17:45:21',2,'','2024-02-19','2024-02-19'),(15104,'0007609504',1,'2024-02-19 07:55:22','2024-02-19 18:35:52',2,'','2024-02-19','2024-02-19'),(15105,'0008298350',1,'2024-02-19 08:14:23','2024-02-19 18:11:25',2,'','2024-02-19','2024-02-19'),(15106,'0008067343',1,'2024-02-19 08:33:47','2024-02-19 18:11:33',2,'','2024-02-19','2024-02-19'),(15107,'0011837927',1,'2024-02-19 08:33:54','2024-02-19 18:09:04',2,'','2024-02-19','2024-02-19'),(15108,'0002318309',1,'2024-02-19 08:36:27','2024-02-19 18:02:57',2,'','2024-02-19','2024-02-19'),(15109,'0007857369',1,'2024-02-19 08:37:03','2024-02-19 18:08:41',2,'','2024-02-19','2024-02-19'),(15110,'0011985328',1,'2024-02-19 08:38:15','2024-02-19 18:08:29',2,'','2024-02-19','2024-02-19'),(15111,'0003180542',1,'2024-02-19 08:38:19','2024-02-19 18:07:41',2,'','2024-02-19','2024-02-19'),(15112,'0005151134',1,'2024-02-19 08:39:13','2024-02-19 18:15:23',2,'','2024-02-19','2024-02-19'),(15113,'0002233653',1,'2024-02-19 08:41:18','2024-02-19 18:07:47',2,'','2024-02-19','2024-02-19'),(15114,'0002260119',1,'2024-02-19 08:41:28','2024-02-19 19:58:49',2,'','2024-02-19','2024-02-19'),(15115,'0007779734',1,'2024-02-19 08:43:02','2024-02-19 18:08:37',2,'','2024-02-19','2024-02-19'),(15116,'0011304836',1,'2024-02-19 08:44:13','2024-02-19 18:03:03',2,'','2024-02-19','2024-02-19'),(15117,'0011263227',1,'2024-02-19 08:46:40','2024-02-19 18:08:32',2,'','2024-02-19','2024-02-19'),(15118,'0007857920',1,'2024-02-19 09:27:36','2024-02-19 19:05:15',2,'','2024-02-19','2024-02-19'),(15119,'0002291823',1,'2024-02-19 09:31:19','2024-02-19 19:08:43',2,'','2024-02-19','2024-02-19'),(15120,'0001215604',1,'2024-02-19 09:32:00','2024-02-19 20:03:57',2,'','2024-02-19','2024-02-19'),(15121,'0012853967',1,'2024-02-19 09:32:28','2024-02-19 19:07:58',2,'','2024-02-19','2024-02-19'),(15122,'0012527628',1,'2024-02-19 09:32:46','2024-02-19 19:08:38',2,'','2024-02-19','2024-02-19'),(15123,'0005029099',1,'2024-02-19 09:34:10','2024-02-20 19:06:28',2,'','2024-02-19','2024-02-20'),(15124,'0002239059',1,'2024-02-19 09:39:17','2024-02-19 19:52:33',2,'','2024-02-19','2024-02-19'),(15125,'0011307029',1,'2024-02-19 09:40:43','2024-02-19 19:35:18',2,'','2024-02-19','2024-02-19'),(15126,'0005186211',1,'2024-02-19 09:51:18','2024-02-19 20:03:53',2,'','2024-02-19','2024-02-19'),(15127,'0012444515',1,'2024-02-19 10:24:55','2024-02-19 20:16:32',2,'','2024-02-19','2024-02-19'),(15128,'0003222562',1,'2024-02-19 10:31:26','2024-02-19 20:35:12',2,'','2024-02-19','2024-02-19'),(15129,'0002289736',1,'2024-02-19 10:31:42','2024-02-19 20:07:33',2,'','2024-02-19','2024-02-19'),(15130,'0005037551',1,'2024-02-19 10:41:30','2024-02-19 20:47:50',2,'','2024-02-19','2024-02-19'),(15131,'0002229213',1,'2024-02-19 10:42:58','2024-02-19 20:16:29',2,'','2024-02-19','2024-02-19'),(15132,'0000768246',1,'2024-02-19 10:47:25','2024-02-19 20:31:24',2,'','2024-02-19','2024-02-19'),(15133,'0002261824',1,'2024-02-19 11:10:04','2024-02-19 21:02:12',2,'','2024-02-19','2024-02-19'),(15134,'0003017890',1,'2024-02-19 11:20:19','2024-02-19 21:44:24',2,'','2024-02-19','2024-02-19'),(15135,'0012821167',1,'2024-02-19 11:32:11','2024-02-19 21:01:56',2,'','2024-02-19','2024-02-19'),(15136,'0002230831',1,'2024-02-19 11:32:55','2024-02-19 21:17:42',2,'','2024-02-19','2024-02-19'),(15137,'0008618233',1,'2024-02-19 11:33:40','2024-02-19 21:26:29',2,'','2024-02-19','2024-02-19'),(15138,'0000810733',1,'2024-02-19 11:39:30','2024-02-19 21:44:17',2,'','2024-02-19','2024-02-19'),(15139,'0003181471',1,'2024-02-19 11:43:50','2024-02-19 21:15:01',2,'','2024-02-19','2024-02-19'),(15140,'0008927607',1,'2024-02-19 11:45:04','2024-02-19 21:47:27',2,'','2024-02-19','2024-02-19'),(15141,'0008708119',1,'2024-02-19 11:51:21','2024-02-19 21:04:04',2,'','2024-02-19','2024-02-19'),(15142,'0008291943',1,'2024-02-19 11:56:46','2024-02-20 21:01:25',2,'','2024-02-19','2024-02-20'),(15143,'0012039688',1,'2024-02-20 04:37:39',NULL,1,'','2024-02-20',NULL),(15144,'0013414024',1,'2024-02-20 04:44:49','2024-02-20 14:28:30',2,'','2024-02-20','2024-02-20'),(15145,'0011053911',1,'2024-02-20 04:44:57','2024-02-20 15:23:18',2,'','2024-02-20','2024-02-20'),(15146,'0005042166',1,'2024-02-20 04:45:20','2024-02-20 16:27:31',2,'','2024-02-20','2024-02-20'),(15147,'0002230802',1,'2024-02-20 04:48:07','2024-02-20 16:35:45',2,'','2024-02-20','2024-02-20'),(15148,'0008274802',1,'2024-02-20 04:48:48','2024-02-20 16:31:09',2,'','2024-02-20','2024-02-20'),(15149,'0003162810',1,'2024-02-20 04:49:53','2024-02-20 17:05:19',2,'','2024-02-20','2024-02-20'),(15150,'0003011684',1,'2024-02-20 04:50:05','2024-02-20 16:14:17',2,'','2024-02-20','2024-02-20'),(15151,'0011866814',1,'2024-02-20 04:51:03','2024-02-20 15:08:04',2,'','2024-02-20','2024-02-20'),(15152,'0008337694',1,'2024-02-20 04:52:07','2024-02-20 16:27:51',2,'','2024-02-20','2024-02-20'),(15153,'0007404590',1,'2024-02-20 04:52:48','2024-02-20 16:30:39',2,'','2024-02-20','2024-02-20'),(15154,'0008377364',1,'2024-02-20 04:53:58','2024-02-20 16:35:50',2,'','2024-02-20','2024-02-20'),(15155,'0008618030',1,'2024-02-20 04:54:15','2024-02-20 16:30:50',2,'','2024-02-20','2024-02-20'),(15156,'0011774091',1,'2024-02-20 05:01:27','2024-02-20 16:32:29',2,'','2024-02-20','2024-02-20'),(15157,'0005691714',1,'2024-02-20 05:17:05','2024-02-20 18:09:15',2,'','2024-02-20','2024-02-20'),(15158,'0002271438',1,'2024-02-20 05:20:02','2024-02-20 17:54:30',2,'','2024-02-20','2024-02-20'),(15159,'0002915379',1,'2024-02-20 05:20:16','2024-02-20 18:26:09',2,'','2024-02-20','2024-02-20'),(15160,'0000745396',1,'2024-02-20 05:20:45','2024-02-20 17:46:57',2,'','2024-02-20','2024-02-20'),(15161,'0002289780',1,'2024-02-20 05:30:21','2024-02-20 16:52:08',2,'','2024-02-20','2024-02-20'),(15162,'0011302708',1,'2024-02-20 05:30:44','2024-02-20 17:54:43',2,'','2024-02-20','2024-02-20'),(15163,'0002284899',1,'2024-02-20 05:31:52','2024-02-20 12:08:09',2,'','2024-02-20','2024-02-20'),(15164,'0011773582',1,'2024-02-20 05:32:09','2024-02-20 18:06:02',2,'','2024-02-20','2024-02-20'),(15165,'0008771859',1,'2024-02-20 05:32:41','2024-02-20 17:59:46',2,'','2024-02-20','2024-02-20'),(15166,'0003013433',1,'2024-02-20 05:32:58','2024-02-20 18:04:33',2,'','2024-02-20','2024-02-20'),(15167,'0002915975',1,'2024-02-20 05:34:44','2024-02-20 18:07:52',2,'','2024-02-20','2024-02-20'),(15168,'0009049114',1,'2024-02-20 05:34:53','2024-02-20 17:56:00',2,'','2024-02-20','2024-02-20'),(15169,'0008567465',1,'2024-02-20 05:35:01','2024-02-27 10:21:45',2,'','2024-02-20','2024-02-27'),(15170,'0011074954',1,'2024-02-20 05:36:43','2024-02-20 17:36:50',2,'','2024-02-20','2024-02-20'),(15171,'0002316717',1,'2024-02-20 05:36:58','2024-02-20 17:48:54',2,'','2024-02-20','2024-02-20'),(15172,'0008599179',1,'2024-02-20 05:39:01','2024-02-20 18:32:16',2,'','2024-02-20','2024-02-20'),(15173,'0000829926',1,'2024-02-20 05:39:10','2024-02-20 18:41:23',2,'','2024-02-20','2024-02-20'),(15174,'0005505316',1,'2024-02-20 05:39:26','2024-02-20 18:20:11',2,'','2024-02-20','2024-02-20'),(15175,'0007255339',1,'2024-02-20 05:40:09','2024-02-20 17:47:26',2,'','2024-02-20','2024-02-20'),(15176,'0008694075',1,'2024-02-20 05:40:13','2024-02-20 18:26:06',2,'','2024-02-20','2024-02-20'),(15177,'0008174033',1,'2024-02-20 05:40:19','2024-02-20 17:59:29',2,'','2024-02-20','2024-02-20'),(15178,'0005066132',1,'2024-02-20 05:40:31','2024-02-20 15:04:37',2,'','2024-02-20','2024-02-20'),(15179,'0008771842',1,'2024-02-20 05:41:00','2024-02-20 17:57:05',2,'','2024-02-20','2024-02-20'),(15180,'0008067323',1,'2024-02-20 05:41:21','2024-02-20 17:39:10',2,'','2024-02-20','2024-02-20'),(15181,'0011773503',1,'2024-02-20 05:41:51','2024-02-20 15:09:20',2,'','2024-02-20','2024-02-20'),(15182,'0011294128',1,'2024-02-20 05:42:26','2024-02-20 17:45:32',2,'','2024-02-20','2024-02-20'),(15183,'0006373666',1,'2024-02-20 05:43:08','2024-02-20 18:41:26',2,'','2024-02-20','2024-02-20'),(15184,'0011785055',1,'2024-02-20 05:43:17','2024-02-20 17:49:10',2,'','2024-02-20','2024-02-20'),(15185,'0008121842',1,'2024-02-20 05:43:33','2024-02-20 18:19:59',2,'','2024-02-20','2024-02-20'),(15186,'0011280459',1,'2024-02-20 05:43:40','2024-02-20 17:47:32',2,'','2024-02-20','2024-02-20'),(15187,'0001828892',1,'2024-02-20 05:44:15','2024-02-20 17:58:52',2,'','2024-02-20','2024-02-20'),(15188,'0000762710',1,'2024-02-20 05:44:26','2024-02-20 17:56:22',2,'','2024-02-20','2024-02-20'),(15189,'0000768618',1,'2024-02-20 05:44:53','2024-02-20 17:45:44',2,'','2024-02-20','2024-02-20'),(15190,'0008570012',1,'2024-02-20 05:46:51','2024-02-20 17:55:21',2,'','2024-02-20','2024-02-20'),(15191,'0000164038',1,'2024-02-20 05:47:13','2024-02-20 17:46:25',2,'','2024-02-20','2024-02-20'),(15192,'0007157184',1,'2024-02-20 05:47:25','2024-02-20 17:58:18',2,'','2024-02-20','2024-02-20'),(15193,'0000780484',1,'2024-02-20 05:47:42','2024-02-20 17:39:19',2,'','2024-02-20','2024-02-20'),(15194,'0008598400',1,'2024-02-20 05:47:48','2024-02-20 15:03:35',2,'','2024-02-20','2024-02-20'),(15195,'0000802378',1,'2024-02-20 05:48:06','2024-02-20 17:37:40',2,'','2024-02-20','2024-02-20'),(15196,'0012026283',1,'2024-02-20 05:48:26','2024-02-20 17:54:25',2,'','2024-02-20','2024-02-20'),(15197,'0003148550',1,'2024-02-20 05:48:36','2024-02-20 18:29:49',2,'','2024-02-20','2024-02-20'),(15198,'0005726531',1,'2024-02-20 05:48:40','2024-02-20 17:54:33',2,'','2024-02-20','2024-02-20'),(15199,'0003014316',1,'2024-02-20 05:49:03','2024-02-20 17:37:36',2,'','2024-02-20','2024-02-20'),(15200,'0008598381',1,'2024-02-20 05:49:10','2024-02-20 18:07:38',2,'','2024-02-20','2024-02-20'),(15201,'0008599258',1,'2024-02-20 05:49:54','2024-02-20 18:03:38',2,'','2024-02-20','2024-02-20'),(15202,'0011837511',1,'2024-02-20 05:49:58','2024-02-20 18:00:41',2,'','2024-02-20','2024-02-20'),(15203,'0007941709',1,'2024-02-20 05:50:01','2024-02-20 17:37:30',2,'','2024-02-20','2024-02-20'),(15204,'0012391911',1,'2024-02-20 05:50:14','2024-02-20 18:05:12',2,'','2024-02-20','2024-02-20'),(15205,'0002910490',1,'2024-02-20 05:50:18','2024-02-20 18:59:55',2,'','2024-02-20','2024-02-20'),(15206,'0001960198',1,'2024-02-20 05:50:31','2024-02-20 17:58:57',2,'','2024-02-20','2024-02-20'),(15207,'0009633723',1,'2024-02-20 05:50:37','2024-02-20 17:36:55',2,'','2024-02-20','2024-02-20'),(15208,'0012777735',1,'2024-02-20 05:50:50','2024-02-20 17:53:33',2,'','2024-02-20','2024-02-20'),(15209,'0000398080',1,'2024-02-20 05:51:07','2024-02-20 17:55:25',2,'','2024-02-20','2024-02-20'),(15210,'0012012506',1,'2024-02-20 05:51:12','2024-02-20 17:53:10',2,'','2024-02-20','2024-02-20'),(15211,'0011785949',1,'2024-02-20 05:51:38','2024-02-20 18:00:04',2,'','2024-02-20','2024-02-20'),(15212,'0002294133',1,'2024-02-20 05:51:48','2024-02-20 18:25:42',2,'','2024-02-20','2024-02-20'),(15213,'0012816560',1,'2024-02-20 05:51:55','2024-02-20 18:53:13',2,'','2024-02-20','2024-02-20'),(15214,'0002318859',1,'2024-02-20 05:52:03','2024-02-20 17:35:51',2,'','2024-02-20','2024-02-20'),(15215,'0002319217',1,'2024-02-20 05:52:14','2024-02-20 17:37:33',2,'','2024-02-20','2024-02-20'),(15216,'0007153095',1,'2024-02-20 05:52:24','2024-02-20 18:37:41',2,'','2024-02-20','2024-02-20'),(15217,'0001370880',1,'2024-02-20 05:53:12','2024-02-20 17:36:06',2,'','2024-02-20','2024-02-20'),(15218,'0008626857',1,'2024-02-20 05:53:27','2024-02-20 18:32:02',2,'','2024-02-20','2024-02-20'),(15219,'0012420447',1,'2024-02-20 05:53:32','2024-02-20 17:54:28',2,'','2024-02-20','2024-02-20'),(15220,'0004101731',1,'2024-02-20 05:53:48','2024-02-20 18:02:19',2,'','2024-02-20','2024-02-20'),(15221,'0011281154',1,'2024-02-20 05:54:46','2024-02-20 18:30:20',2,'','2024-02-20','2024-02-20'),(15222,'0006757829',1,'2024-02-20 05:54:50','2024-02-20 18:58:58',2,'','2024-02-20','2024-02-20'),(15223,'0008196401',1,'2024-02-20 05:55:02','2024-02-20 18:25:54',2,'','2024-02-20','2024-02-20'),(15224,'0009081575',1,'2024-02-20 05:55:10','2024-02-20 17:53:30',2,'','2024-02-20','2024-02-20'),(15225,'0006478527',1,'2024-02-20 05:55:14','2024-02-20 17:36:18',2,'','2024-02-20','2024-02-20'),(15226,'0004103508',1,'2024-02-20 05:55:44','2024-02-20 17:36:13',2,'','2024-02-20','2024-02-20'),(15227,'0000124575',1,'2024-02-20 05:56:53','2024-02-20 18:19:22',2,'','2024-02-20','2024-02-20'),(15228,'0001377469',1,'2024-02-20 06:28:38','2024-02-20 16:09:38',2,'','2024-02-20','2024-02-20'),(15229,'0012821233',1,'2024-02-20 06:30:10','2024-02-20 18:35:52',2,'','2024-02-20','2024-02-20'),(15230,'0005475336',1,'2024-02-20 06:36:09','2024-02-20 16:10:36',2,'','2024-02-20','2024-02-20'),(15231,'0002920614',1,'2024-02-20 06:36:18','2024-02-20 18:26:01',2,'','2024-02-20','2024-02-20'),(15232,'0002235500',1,'2024-02-20 06:37:01','2024-02-20 16:16:16',2,'','2024-02-20','2024-02-20'),(15233,'0005692495',1,'2024-02-20 06:37:53','2024-02-20 16:09:57',2,'','2024-02-20','2024-02-20'),(15234,'0000823059',1,'2024-02-20 06:38:21','2024-02-20 18:38:39',2,'','2024-02-20','2024-02-20'),(15235,'0007673603',1,'2024-02-20 06:38:44','2024-02-20 16:55:24',2,'','2024-02-20','2024-02-20'),(15236,'0002315091',1,'2024-02-20 06:39:08','2024-02-20 16:09:48',2,'','2024-02-20','2024-02-20'),(15237,'0011847584',1,'2024-02-20 06:39:19','2024-02-20 16:11:32',2,'','2024-02-20','2024-02-20'),(15238,'0011319731',1,'2024-02-20 06:39:58','2024-02-20 18:36:16',2,'','2024-02-20','2024-02-20'),(15239,'0005463632',1,'2024-02-20 06:40:59','2024-02-20 16:00:30',2,'','2024-02-20','2024-02-20'),(15240,'0000745695',1,'2024-02-20 06:43:42','2024-02-20 18:28:13',2,'','2024-02-20','2024-02-20'),(15241,'0000171546',1,'2024-02-20 06:43:48','2024-02-20 18:16:30',2,'','2024-02-20','2024-02-20'),(15242,'0011829707',1,'2024-02-20 06:45:46','2024-02-20 16:17:02',2,'','2024-02-20','2024-02-20'),(15243,'0002913489',1,'2024-02-20 06:49:02','2024-02-20 18:28:09',2,'','2024-02-20','2024-02-20'),(15244,'0011304644',1,'2024-02-20 06:49:39','2024-02-20 18:36:18',2,'','2024-02-20','2024-02-20'),(15245,'0008282801',1,'2024-02-20 06:50:40','2024-02-20 16:10:20',2,'','2024-02-20','2024-02-20'),(15246,'0009281164',1,'2024-02-20 07:27:19','2024-02-20 17:36:08',2,'','2024-02-20','2024-02-20'),(15247,'0001811018',1,'2024-02-20 07:28:23','2024-02-20 19:25:19',2,'','2024-02-20','2024-02-20'),(15248,'0006447433',1,'2024-02-20 07:35:20','2024-02-20 17:55:29',2,'','2024-02-20','2024-02-20'),(15249,'0005020428',1,'2024-02-20 07:35:29','2024-02-20 18:30:15',2,'','2024-02-20','2024-02-20'),(15250,'0002254875',1,'2024-02-20 07:37:23','2024-02-20 17:03:31',2,'','2024-02-20','2024-02-20'),(15251,'0002318309',1,'2024-02-20 07:37:52','2024-02-20 17:02:35',2,'','2024-02-20','2024-02-20'),(15252,'0005485178',1,'2024-02-20 07:38:00','2024-02-20 17:08:38',2,'','2024-02-20','2024-02-20'),(15253,'0002037960',1,'2024-02-20 07:38:50','2024-02-20 17:36:10',2,'','2024-02-20','2024-02-20'),(15254,'0005033832',1,'2024-02-20 07:41:00','2024-02-20 17:08:35',2,'','2024-02-20','2024-02-20'),(15255,'0000767947',1,'2024-02-20 07:41:08','2024-02-20 19:25:21',2,'','2024-02-20','2024-02-20'),(15256,'0011861314',1,'2024-02-20 07:42:32','2024-02-20 17:16:46',2,'','2024-02-20','2024-02-20'),(15257,'0000125999',1,'2024-02-20 07:42:54','2024-02-20 17:24:16',2,'','2024-02-20','2024-02-20'),(15258,'0007604758',1,'2024-02-20 07:46:46','2024-02-20 17:06:48',2,'','2024-02-20','2024-02-20'),(15259,'0008298350',1,'2024-02-20 07:47:32','2024-02-20 17:52:36',2,'','2024-02-20','2024-02-20'),(15260,'0008262399',1,'2024-02-20 07:48:27','2024-02-20 17:02:18',2,'','2024-02-20','2024-02-20'),(15261,'0007609504',1,'2024-02-20 07:53:44','2024-02-20 17:20:55',2,'','2024-02-20','2024-02-20'),(15262,'0003180542',1,'2024-02-20 08:26:37','2024-02-27 09:35:41',2,'','2024-02-20','2024-02-27'),(15263,'0011985328',1,'2024-02-20 08:26:50','2024-02-20 18:06:44',2,'','2024-02-20','2024-02-20'),(15264,'0007857369',1,'2024-02-20 08:26:56','2024-02-20 18:08:22',2,'','2024-02-20','2024-02-20'),(15265,'0005151134',1,'2024-02-20 08:36:31','2024-02-20 18:11:09',2,'','2024-02-20','2024-02-20'),(15266,'0008067343',1,'2024-02-20 08:37:05','2024-02-20 18:14:00',2,'','2024-02-20','2024-02-20'),(15267,'0011837927',1,'2024-02-20 08:37:17','2024-02-20 18:09:11',2,'','2024-02-20','2024-02-20'),(15268,'0005409666',1,'2024-02-20 08:37:31','2024-02-20 18:04:11',2,'','2024-02-20','2024-02-20'),(15269,'0011263227',1,'2024-02-20 08:42:21','2024-02-20 18:08:07',2,'','2024-02-20','2024-02-20'),(15270,'0007779734',1,'2024-02-20 08:43:12','2024-02-20 18:09:18',2,'','2024-02-20','2024-02-20'),(15271,'0011304836',1,'2024-02-20 08:45:24','2024-02-20 18:08:03',2,'','2024-02-20','2024-02-20'),(15272,'0009947031',1,'2024-02-20 08:48:19','2024-02-20 18:09:04',2,'','2024-02-20','2024-02-20'),(15273,'0012527628',1,'2024-02-20 09:38:33','2024-02-20 19:06:46',2,'','2024-02-20','2024-02-20'),(15274,'0001215604',1,'2024-02-20 09:38:49','2024-02-20 19:05:20',2,'','2024-02-20','2024-02-20'),(15275,'0012853967',1,'2024-02-20 09:38:52','2024-02-20 19:07:28',2,'','2024-02-20','2024-02-20'),(15276,'0007857920',1,'2024-02-20 09:40:04','2024-02-20 19:05:27',2,'','2024-02-20','2024-02-20'),(15277,'0002291823',1,'2024-02-20 09:40:09','2024-02-20 19:07:56',2,'','2024-02-20','2024-02-20'),(15278,'0005470467',1,'2024-02-20 09:40:44','2024-02-20 19:07:50',2,'','2024-02-20','2024-02-20'),(15279,'0011307029',1,'2024-02-20 09:41:04','2024-02-20 19:03:11',2,'','2024-02-20','2024-02-20'),(15280,'0002239059',1,'2024-02-20 09:41:17','2024-02-20 19:38:05',2,'','2024-02-20','2024-02-20'),(15281,'0005186211',1,'2024-02-20 09:42:38','2024-02-20 19:05:40',2,'','2024-02-20','2024-02-20'),(15282,'0009013389',1,'2024-02-20 09:44:26','2024-02-20 19:05:30',2,'','2024-02-20','2024-02-20'),(15283,'0002260119',1,'2024-02-20 09:45:22','2024-02-20 19:07:47',2,'','2024-02-20','2024-02-20'),(15284,'0008618061',1,'2024-02-20 09:48:56','2024-02-20 19:06:32',2,'','2024-02-20','2024-02-20'),(15285,'0012444515',1,'2024-02-20 10:28:58','2024-02-20 20:04:55',2,'','2024-02-20','2024-02-20'),(15286,'0005037551',1,'2024-02-20 10:36:27','2024-02-20 20:31:12',2,'','2024-02-20','2024-02-20'),(15287,'0002289736',1,'2024-02-20 10:38:16','2024-02-20 20:03:22',2,'','2024-02-20','2024-02-20'),(15288,'0002229213',1,'2024-02-20 10:40:24','2024-02-20 20:05:28',2,'','2024-02-20','2024-02-20'),(15289,'0000768246',1,'2024-02-20 10:46:46','2024-02-20 20:30:26',2,'','2024-02-20','2024-02-20'),(15290,'0008618233',1,'2024-02-20 10:47:29','2024-02-20 22:03:12',2,'','2024-02-20','2024-02-20'),(15291,'0003017890',1,'2024-02-20 11:22:47','2024-02-20 22:08:05',2,'','2024-02-20','2024-02-20'),(15292,'0003222562',1,'2024-02-20 11:29:20','2024-02-20 21:01:28',2,'','2024-02-20','2024-02-20'),(15293,'0002230831',1,'2024-02-20 11:32:59','2024-02-20 21:01:13',2,'','2024-02-20','2024-02-20'),(15294,'0000810733',1,'2024-02-20 11:42:37','2024-02-20 22:08:15',2,'','2024-02-20','2024-02-20'),(15295,'0003181471',1,'2024-02-20 11:42:46','2024-02-20 21:04:43',2,'','2024-02-20','2024-02-20'),(15296,'0002258996',1,'2024-02-20 11:44:22','2024-02-20 22:00:24',2,'','2024-02-20','2024-02-20'),(15297,'0011408982',1,'2024-02-20 11:44:51','2024-02-20 22:07:41',2,'','2024-02-20','2024-02-20'),(15298,'0008309978',1,'2024-02-20 11:49:58','2024-02-20 22:06:06',2,'','2024-02-20','2024-02-20'),(15299,'0002233653',1,'2024-02-20 11:50:13','2024-02-20 22:08:19',2,'','2024-02-20','2024-02-20'),(15300,'0003016377',1,'2024-02-20 11:50:31','2024-02-20 20:29:19',2,'','2024-02-20','2024-02-20'),(15301,'0002284620',1,'2024-02-20 11:50:35','2024-02-20 20:30:23',2,'','2024-02-20','2024-02-20'),(15302,'0005039825',1,'2024-02-20 11:51:58','2024-02-20 21:01:53',2,'','2024-02-20','2024-02-20'),(15303,'0012821167',1,'2024-02-20 11:52:47','2024-02-20 20:50:55',2,'','2024-02-20','2024-02-20'),(15304,'0008708119',1,'2024-02-20 11:53:22','2024-02-20 21:01:08',2,'','2024-02-20','2024-02-20'),(0,'0003180542',1,'2024-02-23 21:17:04',NULL,1,'','2024-02-23',NULL),(0,'0007656389',1,'2024-02-23 21:29:55',NULL,1,'','2024-02-23',NULL),(0,'0008202796',1,'2024-02-23 21:32:54','2024-02-26 15:11:12',2,'','2024-02-23','2024-02-26'),(0,'0008202796',1,'2024-02-26 15:11:17',NULL,1,'','2024-02-26',NULL),(0,'0008219106',1,'2024-02-27 09:36:00','2024-02-27 09:36:12',2,'','2024-02-27','2024-02-27'),(0,'0012027923',1,'2024-02-27 09:52:50','2024-02-27 09:53:16',2,'','2024-02-27','2024-02-27'),(0,'0008567465',1,'2024-02-27 10:16:54',NULL,1,'','2024-02-27',NULL);
/*!40000 ALTER TABLE `tbl_transaksi` ENABLE KEYS */;
UNLOCK TABLES;

--
-- Dumping routines for database 'db_hk'
--
/*!40103 SET TIME_ZONE=@OLD_TIME_ZONE */;

/*!40101 SET SQL_MODE=@OLD_SQL_MODE */;
/*!40014 SET FOREIGN_KEY_CHECKS=@OLD_FOREIGN_KEY_CHECKS */;
/*!40014 SET UNIQUE_CHECKS=@OLD_UNIQUE_CHECKS */;
/*!40101 SET CHARACTER_SET_CLIENT=@OLD_CHARACTER_SET_CLIENT */;
/*!40101 SET CHARACTER_SET_RESULTS=@OLD_CHARACTER_SET_RESULTS */;
/*!40101 SET COLLATION_CONNECTION=@OLD_COLLATION_CONNECTION */;
/*!40111 SET SQL_NOTES=@OLD_SQL_NOTES */;

-- Dump completed on 2024-07-28 19:34:40
